,cardboard,glass,metal,paper,plastic,trash,image
paper85,0,0,0,1,0,0,paper85
paper503,0,0,0,1,0,0,paper503
paper75,0,0,0,1,0,0,paper75
paper482,0,0,0,1,0,0,paper482
paper300,0,0,0,1,0,0,paper300
paper379,0,0,0,1,0,0,paper379
paper331,0,0,0,1,0,0,paper331
paper271,0,0,0,1,0,0,paper271
paper236,0,0,0,1,0,0,paper236
paper423,0,0,0,1,0,0,paper423
paper275,0,0,0,1,0,0,paper275
paper45,0,0,0,1,0,0,paper45
paper444,0,0,0,1,0,0,paper444
paper556,0,0,0,1,0,0,paper556
paper212,0,0,0,1,0,0,paper212
paper136,0,0,0,1,0,0,paper136
paper22,0,0,0,1,0,0,paper22
paper442,0,0,0,1,0,0,paper442
paper168,0,0,0,1,0,0,paper168
paper409,0,0,0,1,0,0,paper409
paper184,0,0,0,1,0,0,paper184
paper209,0,0,0,1,0,0,paper209
paper515,0,0,0,1,0,0,paper515
paper274,0,0,0,1,0,0,paper274
paper324,0,0,0,1,0,0,paper324
paper162,0,0,0,1,0,0,paper162
paper58,0,0,0,1,0,0,paper58
paper319,0,0,0,1,0,0,paper319
paper95,0,0,0,1,0,0,paper95
paper448,0,0,0,1,0,0,paper448
paper127,0,0,0,1,0,0,paper127
paper219,0,0,0,1,0,0,paper219
paper568,0,0,0,1,0,0,paper568
paper463,0,0,0,1,0,0,paper463
paper437,0,0,0,1,0,0,paper437
paper570,0,0,0,1,0,0,paper570
paper215,0,0,0,1,0,0,paper215
paper237,0,0,0,1,0,0,paper237
paper455,0,0,0,1,0,0,paper455
paper276,0,0,0,1,0,0,paper276
paper348,0,0,0,1,0,0,paper348
paper429,0,0,0,1,0,0,paper429
paper549,0,0,0,1,0,0,paper549
paper450,0,0,0,1,0,0,paper450
paper302,0,0,0,1,0,0,paper302
paper79,0,0,0,1,0,0,paper79
paper579,0,0,0,1,0,0,paper579
paper551,0,0,0,1,0,0,paper551
paper562,0,0,0,1,0,0,paper562
paper11,0,0,0,1,0,0,paper11
paper88,0,0,0,1,0,0,paper88
paper9,0,0,0,1,0,0,paper9
paper383,0,0,0,1,0,0,paper383
paper207,0,0,0,1,0,0,paper207
paper40,0,0,0,1,0,0,paper40
paper321,0,0,0,1,0,0,paper321
paper195,0,0,0,1,0,0,paper195
paper305,0,0,0,1,0,0,paper305
paper543,0,0,0,1,0,0,paper543
paper447,0,0,0,1,0,0,paper447
paper365,0,0,0,1,0,0,paper365
paper351,0,0,0,1,0,0,paper351
paper285,0,0,0,1,0,0,paper285
paper137,0,0,0,1,0,0,paper137
paper199,0,0,0,1,0,0,paper199
paper110,0,0,0,1,0,0,paper110
paper461,0,0,0,1,0,0,paper461
paper392,0,0,0,1,0,0,paper392
paper202,0,0,0,1,0,0,paper202
paper452,0,0,0,1,0,0,paper452
paper16,0,0,0,1,0,0,paper16
paper394,0,0,0,1,0,0,paper394
paper375,0,0,0,1,0,0,paper375
paper157,0,0,0,1,0,0,paper157
paper229,0,0,0,1,0,0,paper229
paper472,0,0,0,1,0,0,paper472
paper36,0,0,0,1,0,0,paper36
paper210,0,0,0,1,0,0,paper210
paper181,0,0,0,1,0,0,paper181
paper214,0,0,0,1,0,0,paper214
paper77,0,0,0,1,0,0,paper77
paper304,0,0,0,1,0,0,paper304
paper248,0,0,0,1,0,0,paper248
paper541,0,0,0,1,0,0,paper541
paper29,0,0,0,1,0,0,paper29
paper47,0,0,0,1,0,0,paper47
paper178,0,0,0,1,0,0,paper178
paper180,0,0,0,1,0,0,paper180
paper421,0,0,0,1,0,0,paper421
paper86,0,0,0,1,0,0,paper86
paper362,0,0,0,1,0,0,paper362
paper143,0,0,0,1,0,0,paper143
paper23,0,0,0,1,0,0,paper23
paper390,0,0,0,1,0,0,paper390
paper434,0,0,0,1,0,0,paper434
paper282,0,0,0,1,0,0,paper282
paper583,0,0,0,1,0,0,paper583
paper470,0,0,0,1,0,0,paper470
paper190,0,0,0,1,0,0,paper190
paper289,0,0,0,1,0,0,paper289
paper250,0,0,0,1,0,0,paper250
paper49,0,0,0,1,0,0,paper49
paper494,0,0,0,1,0,0,paper494
paper10,0,0,0,1,0,0,paper10
paper588,0,0,0,1,0,0,paper588
paper464,0,0,0,1,0,0,paper464
paper71,0,0,0,1,0,0,paper71
paper328,0,0,0,1,0,0,paper328
paper81,0,0,0,1,0,0,paper81
paper100,0,0,0,1,0,0,paper100
paper488,0,0,0,1,0,0,paper488
paper460,0,0,0,1,0,0,paper460
paper441,0,0,0,1,0,0,paper441
paper424,0,0,0,1,0,0,paper424
paper24,0,0,0,1,0,0,paper24
paper534,0,0,0,1,0,0,paper534
paper480,0,0,0,1,0,0,paper480
paper65,0,0,0,1,0,0,paper65
paper459,0,0,0,1,0,0,paper459
paper197,0,0,0,1,0,0,paper197
paper326,0,0,0,1,0,0,paper326
paper539,0,0,0,1,0,0,paper539
paper134,0,0,0,1,0,0,paper134
paper53,0,0,0,1,0,0,paper53
paper223,0,0,0,1,0,0,paper223
paper283,0,0,0,1,0,0,paper283
paper313,0,0,0,1,0,0,paper313
paper120,0,0,0,1,0,0,paper120
paper357,0,0,0,1,0,0,paper357
paper320,0,0,0,1,0,0,paper320
paper369,0,0,0,1,0,0,paper369
paper287,0,0,0,1,0,0,paper287
paper189,0,0,0,1,0,0,paper189
paper173,0,0,0,1,0,0,paper173
paper578,0,0,0,1,0,0,paper578
paper101,0,0,0,1,0,0,paper101
paper263,0,0,0,1,0,0,paper263
paper396,0,0,0,1,0,0,paper396
paper507,0,0,0,1,0,0,paper507
paper385,0,0,0,1,0,0,paper385
paper334,0,0,0,1,0,0,paper334
paper185,0,0,0,1,0,0,paper185
paper27,0,0,0,1,0,0,paper27
paper254,0,0,0,1,0,0,paper254
paper218,0,0,0,1,0,0,paper218
paper435,0,0,0,1,0,0,paper435
paper404,0,0,0,1,0,0,paper404
paper446,0,0,0,1,0,0,paper446
paper335,0,0,0,1,0,0,paper335
paper186,0,0,0,1,0,0,paper186
paper68,0,0,0,1,0,0,paper68
paper475,0,0,0,1,0,0,paper475
paper371,0,0,0,1,0,0,paper371
paper286,0,0,0,1,0,0,paper286
paper140,0,0,0,1,0,0,paper140
paper133,0,0,0,1,0,0,paper133
paper582,0,0,0,1,0,0,paper582
paper135,0,0,0,1,0,0,paper135
paper500,0,0,0,1,0,0,paper500
paper367,0,0,0,1,0,0,paper367
paper60,0,0,0,1,0,0,paper60
paper309,0,0,0,1,0,0,paper309
paper533,0,0,0,1,0,0,paper533
paper528,0,0,0,1,0,0,paper528
paper544,0,0,0,1,0,0,paper544
paper457,0,0,0,1,0,0,paper457
paper253,0,0,0,1,0,0,paper253
paper389,0,0,0,1,0,0,paper389
paper580,0,0,0,1,0,0,paper580
paper114,0,0,0,1,0,0,paper114
paper174,0,0,0,1,0,0,paper174
paper538,0,0,0,1,0,0,paper538
paper502,0,0,0,1,0,0,paper502
paper425,0,0,0,1,0,0,paper425
paper82,0,0,0,1,0,0,paper82
paper280,0,0,0,1,0,0,paper280
paper183,0,0,0,1,0,0,paper183
paper21,0,0,0,1,0,0,paper21
paper291,0,0,0,1,0,0,paper291
paper581,0,0,0,1,0,0,paper581
paper318,0,0,0,1,0,0,paper318
paper103,0,0,0,1,0,0,paper103
paper201,0,0,0,1,0,0,paper201
paper546,0,0,0,1,0,0,paper546
paper386,0,0,0,1,0,0,paper386
paper498,0,0,0,1,0,0,paper498
paper301,0,0,0,1,0,0,paper301
paper415,0,0,0,1,0,0,paper415
paper406,0,0,0,1,0,0,paper406
paper125,0,0,0,1,0,0,paper125
paper33,0,0,0,1,0,0,paper33
paper572,0,0,0,1,0,0,paper572
paper462,0,0,0,1,0,0,paper462
paper20,0,0,0,1,0,0,paper20
paper138,0,0,0,1,0,0,paper138
paper501,0,0,0,1,0,0,paper501
paper436,0,0,0,1,0,0,paper436
paper19,0,0,0,1,0,0,paper19
paper349,0,0,0,1,0,0,paper349
paper288,0,0,0,1,0,0,paper288
paper594,0,0,0,1,0,0,paper594
paper529,0,0,0,1,0,0,paper529
paper54,0,0,0,1,0,0,paper54
paper547,0,0,0,1,0,0,paper547
paper591,0,0,0,1,0,0,paper591
paper567,0,0,0,1,0,0,paper567
paper145,0,0,0,1,0,0,paper145
paper297,0,0,0,1,0,0,paper297
paper584,0,0,0,1,0,0,paper584
paper171,0,0,0,1,0,0,paper171
paper5,0,0,0,1,0,0,paper5
paper550,0,0,0,1,0,0,paper550
paper374,0,0,0,1,0,0,paper374
paper522,0,0,0,1,0,0,paper522
paper521,0,0,0,1,0,0,paper521
paper152,0,0,0,1,0,0,paper152
paper57,0,0,0,1,0,0,paper57
paper14,0,0,0,1,0,0,paper14
paper397,0,0,0,1,0,0,paper397
paper378,0,0,0,1,0,0,paper378
paper408,0,0,0,1,0,0,paper408
paper142,0,0,0,1,0,0,paper142
paper130,0,0,0,1,0,0,paper130
paper268,0,0,0,1,0,0,paper268
paper96,0,0,0,1,0,0,paper96
paper530,0,0,0,1,0,0,paper530
paper564,0,0,0,1,0,0,paper564
paper358,0,0,0,1,0,0,paper358
paper241,0,0,0,1,0,0,paper241
paper513,0,0,0,1,0,0,paper513
paper587,0,0,0,1,0,0,paper587
paper440,0,0,0,1,0,0,paper440
paper589,0,0,0,1,0,0,paper589
paper427,0,0,0,1,0,0,paper427
paper4,0,0,0,1,0,0,paper4
paper490,0,0,0,1,0,0,paper490
paper593,0,0,0,1,0,0,paper593
paper26,0,0,0,1,0,0,paper26
paper338,0,0,0,1,0,0,paper338
paper267,0,0,0,1,0,0,paper267
paper317,0,0,0,1,0,0,paper317
paper524,0,0,0,1,0,0,paper524
paper355,0,0,0,1,0,0,paper355
paper31,0,0,0,1,0,0,paper31
paper1,0,0,0,1,0,0,paper1
paper520,0,0,0,1,0,0,paper520
paper169,0,0,0,1,0,0,paper169
paper560,0,0,0,1,0,0,paper560
paper165,0,0,0,1,0,0,paper165
paper61,0,0,0,1,0,0,paper61
paper294,0,0,0,1,0,0,paper294
paper453,0,0,0,1,0,0,paper453
paper413,0,0,0,1,0,0,paper413
paper32,0,0,0,1,0,0,paper32
paper559,0,0,0,1,0,0,paper559
paper163,0,0,0,1,0,0,paper163
paper44,0,0,0,1,0,0,paper44
paper89,0,0,0,1,0,0,paper89
paper532,0,0,0,1,0,0,paper532
paper368,0,0,0,1,0,0,paper368
paper265,0,0,0,1,0,0,paper265
paper535,0,0,0,1,0,0,paper535
paper571,0,0,0,1,0,0,paper571
paper590,0,0,0,1,0,0,paper590
paper249,0,0,0,1,0,0,paper249
paper123,0,0,0,1,0,0,paper123
paper332,0,0,0,1,0,0,paper332
paper176,0,0,0,1,0,0,paper176
paper478,0,0,0,1,0,0,paper478
paper329,0,0,0,1,0,0,paper329
paper97,0,0,0,1,0,0,paper97
paper139,0,0,0,1,0,0,paper139
paper508,0,0,0,1,0,0,paper508
paper484,0,0,0,1,0,0,paper484
paper347,0,0,0,1,0,0,paper347
paper108,0,0,0,1,0,0,paper108
paper431,0,0,0,1,0,0,paper431
paper187,0,0,0,1,0,0,paper187
paper99,0,0,0,1,0,0,paper99
paper154,0,0,0,1,0,0,paper154
paper277,0,0,0,1,0,0,paper277
paper206,0,0,0,1,0,0,paper206
paper407,0,0,0,1,0,0,paper407
paper211,0,0,0,1,0,0,paper211
paper117,0,0,0,1,0,0,paper117
paper364,0,0,0,1,0,0,paper364
paper569,0,0,0,1,0,0,paper569
paper312,0,0,0,1,0,0,paper312
paper485,0,0,0,1,0,0,paper485
paper454,0,0,0,1,0,0,paper454
paper403,0,0,0,1,0,0,paper403
paper129,0,0,0,1,0,0,paper129
paper373,0,0,0,1,0,0,paper373
paper323,0,0,0,1,0,0,paper323
paper414,0,0,0,1,0,0,paper414
paper91,0,0,0,1,0,0,paper91
paper208,0,0,0,1,0,0,paper208
paper74,0,0,0,1,0,0,paper74
paper316,0,0,0,1,0,0,paper316
paper175,0,0,0,1,0,0,paper175
paper198,0,0,0,1,0,0,paper198
paper552,0,0,0,1,0,0,paper552
paper399,0,0,0,1,0,0,paper399
paper410,0,0,0,1,0,0,paper410
paper179,0,0,0,1,0,0,paper179
paper78,0,0,0,1,0,0,paper78
paper119,0,0,0,1,0,0,paper119
paper592,0,0,0,1,0,0,paper592
paper144,0,0,0,1,0,0,paper144
paper307,0,0,0,1,0,0,paper307
paper518,0,0,0,1,0,0,paper518
paper196,0,0,0,1,0,0,paper196
paper233,0,0,0,1,0,0,paper233
paper151,0,0,0,1,0,0,paper151
paper296,0,0,0,1,0,0,paper296
paper191,0,0,0,1,0,0,paper191
paper469,0,0,0,1,0,0,paper469
paper272,0,0,0,1,0,0,paper272
paper398,0,0,0,1,0,0,paper398
paper72,0,0,0,1,0,0,paper72
paper39,0,0,0,1,0,0,paper39
paper228,0,0,0,1,0,0,paper228
paper566,0,0,0,1,0,0,paper566
paper382,0,0,0,1,0,0,paper382
paper295,0,0,0,1,0,0,paper295
paper273,0,0,0,1,0,0,paper273
paper66,0,0,0,1,0,0,paper66
paper356,0,0,0,1,0,0,paper356
paper42,0,0,0,1,0,0,paper42
paper361,0,0,0,1,0,0,paper361
paper261,0,0,0,1,0,0,paper261
paper489,0,0,0,1,0,0,paper489
paper222,0,0,0,1,0,0,paper222
paper432,0,0,0,1,0,0,paper432
paper193,0,0,0,1,0,0,paper193
paper337,0,0,0,1,0,0,paper337
paper468,0,0,0,1,0,0,paper468
paper292,0,0,0,1,0,0,paper292
paper260,0,0,0,1,0,0,paper260
paper352,0,0,0,1,0,0,paper352
paper411,0,0,0,1,0,0,paper411
paper416,0,0,0,1,0,0,paper416
paper330,0,0,0,1,0,0,paper330
paper497,0,0,0,1,0,0,paper497
paper401,0,0,0,1,0,0,paper401
paper384,0,0,0,1,0,0,paper384
paper232,0,0,0,1,0,0,paper232
paper493,0,0,0,1,0,0,paper493
paper473,0,0,0,1,0,0,paper473
paper445,0,0,0,1,0,0,paper445
paper2,0,0,0,1,0,0,paper2
paper264,0,0,0,1,0,0,paper264
paper172,0,0,0,1,0,0,paper172
paper200,0,0,0,1,0,0,paper200
paper109,0,0,0,1,0,0,paper109
paper235,0,0,0,1,0,0,paper235
paper506,0,0,0,1,0,0,paper506
paper122,0,0,0,1,0,0,paper122
paper170,0,0,0,1,0,0,paper170
paper107,0,0,0,1,0,0,paper107
paper381,0,0,0,1,0,0,paper381
paper439,0,0,0,1,0,0,paper439
paper279,0,0,0,1,0,0,paper279
paper495,0,0,0,1,0,0,paper495
paper256,0,0,0,1,0,0,paper256
paper278,0,0,0,1,0,0,paper278
paper147,0,0,0,1,0,0,paper147
paper412,0,0,0,1,0,0,paper412
paper537,0,0,0,1,0,0,paper537
paper548,0,0,0,1,0,0,paper548
paper345,0,0,0,1,0,0,paper345
paper557,0,0,0,1,0,0,paper557
paper341,0,0,0,1,0,0,paper341
paper350,0,0,0,1,0,0,paper350
paper227,0,0,0,1,0,0,paper227
paper344,0,0,0,1,0,0,paper344
paper155,0,0,0,1,0,0,paper155
paper354,0,0,0,1,0,0,paper354
paper481,0,0,0,1,0,0,paper481
paper64,0,0,0,1,0,0,paper64
paper225,0,0,0,1,0,0,paper225
paper188,0,0,0,1,0,0,paper188
paper269,0,0,0,1,0,0,paper269
paper159,0,0,0,1,0,0,paper159
paper12,0,0,0,1,0,0,paper12
paper420,0,0,0,1,0,0,paper420
paper451,0,0,0,1,0,0,paper451
paper106,0,0,0,1,0,0,paper106
paper150,0,0,0,1,0,0,paper150
paper244,0,0,0,1,0,0,paper244
paper153,0,0,0,1,0,0,paper153
paper465,0,0,0,1,0,0,paper465
paper306,0,0,0,1,0,0,paper306
paper87,0,0,0,1,0,0,paper87
paper380,0,0,0,1,0,0,paper380
paper258,0,0,0,1,0,0,paper258
paper115,0,0,0,1,0,0,paper115
paper315,0,0,0,1,0,0,paper315
paper540,0,0,0,1,0,0,paper540
paper70,0,0,0,1,0,0,paper70
paper46,0,0,0,1,0,0,paper46
paper519,0,0,0,1,0,0,paper519
paper270,0,0,0,1,0,0,paper270
paper15,0,0,0,1,0,0,paper15
paper433,0,0,0,1,0,0,paper433
paper526,0,0,0,1,0,0,paper526
paper336,0,0,0,1,0,0,paper336
paper38,0,0,0,1,0,0,paper38
paper105,0,0,0,1,0,0,paper105
paper164,0,0,0,1,0,0,paper164
paper322,0,0,0,1,0,0,paper322
paper290,0,0,0,1,0,0,paper290
paper525,0,0,0,1,0,0,paper525
paper148,0,0,0,1,0,0,paper148
paper92,0,0,0,1,0,0,paper92
paper303,0,0,0,1,0,0,paper303
paper13,0,0,0,1,0,0,paper13
paper111,0,0,0,1,0,0,paper111
paper161,0,0,0,1,0,0,paper161
paper284,0,0,0,1,0,0,paper284
paper63,0,0,0,1,0,0,paper63
paper417,0,0,0,1,0,0,paper417
paper141,0,0,0,1,0,0,paper141
paper542,0,0,0,1,0,0,paper542
paper94,0,0,0,1,0,0,paper94
paper531,0,0,0,1,0,0,paper531
paper73,0,0,0,1,0,0,paper73
paper299,0,0,0,1,0,0,paper299
paper443,0,0,0,1,0,0,paper443
paper262,0,0,0,1,0,0,paper262
paper25,0,0,0,1,0,0,paper25
paper545,0,0,0,1,0,0,paper545
paper52,0,0,0,1,0,0,paper52
paper56,0,0,0,1,0,0,paper56
paper428,0,0,0,1,0,0,paper428
paper308,0,0,0,1,0,0,paper308
paper516,0,0,0,1,0,0,paper516
paper523,0,0,0,1,0,0,paper523
paper59,0,0,0,1,0,0,paper59
paper418,0,0,0,1,0,0,paper418
paper400,0,0,0,1,0,0,paper400
paper422,0,0,0,1,0,0,paper422
paper231,0,0,0,1,0,0,paper231
paper51,0,0,0,1,0,0,paper51
paper419,0,0,0,1,0,0,paper419
paper55,0,0,0,1,0,0,paper55
paper363,0,0,0,1,0,0,paper363
paper118,0,0,0,1,0,0,paper118
paper102,0,0,0,1,0,0,paper102
paper146,0,0,0,1,0,0,paper146
paper575,0,0,0,1,0,0,paper575
paper69,0,0,0,1,0,0,paper69
paper204,0,0,0,1,0,0,paper204
paper511,0,0,0,1,0,0,paper511
paper405,0,0,0,1,0,0,paper405
paper479,0,0,0,1,0,0,paper479
paper126,0,0,0,1,0,0,paper126
paper28,0,0,0,1,0,0,paper28
paper93,0,0,0,1,0,0,paper93
paper247,0,0,0,1,0,0,paper247
paper259,0,0,0,1,0,0,paper259
paper577,0,0,0,1,0,0,paper577
paper327,0,0,0,1,0,0,paper327
paper239,0,0,0,1,0,0,paper239
paper217,0,0,0,1,0,0,paper217
paper242,0,0,0,1,0,0,paper242
paper343,0,0,0,1,0,0,paper343
paper483,0,0,0,1,0,0,paper483
paper245,0,0,0,1,0,0,paper245
paper131,0,0,0,1,0,0,paper131
paper156,0,0,0,1,0,0,paper156
paper393,0,0,0,1,0,0,paper393
paper340,0,0,0,1,0,0,paper340
paper6,0,0,0,1,0,0,paper6
paper34,0,0,0,1,0,0,paper34
paper449,0,0,0,1,0,0,paper449
paper62,0,0,0,1,0,0,paper62
paper7,0,0,0,1,0,0,paper7
paper314,0,0,0,1,0,0,paper314
paper238,0,0,0,1,0,0,paper238
paper35,0,0,0,1,0,0,paper35
paper203,0,0,0,1,0,0,paper203
paper18,0,0,0,1,0,0,paper18
paper372,0,0,0,1,0,0,paper372
paper509,0,0,0,1,0,0,paper509
paper158,0,0,0,1,0,0,paper158
paper90,0,0,0,1,0,0,paper90
paper496,0,0,0,1,0,0,paper496
paper240,0,0,0,1,0,0,paper240
paper536,0,0,0,1,0,0,paper536
paper558,0,0,0,1,0,0,paper558
paper246,0,0,0,1,0,0,paper246
paper474,0,0,0,1,0,0,paper474
paper504,0,0,0,1,0,0,paper504
paper342,0,0,0,1,0,0,paper342
paper360,0,0,0,1,0,0,paper360
paper565,0,0,0,1,0,0,paper565
paper574,0,0,0,1,0,0,paper574
paper505,0,0,0,1,0,0,paper505
paper391,0,0,0,1,0,0,paper391
paper194,0,0,0,1,0,0,paper194
paper576,0,0,0,1,0,0,paper576
paper224,0,0,0,1,0,0,paper224
paper3,0,0,0,1,0,0,paper3
paper216,0,0,0,1,0,0,paper216
paper325,0,0,0,1,0,0,paper325
paper310,0,0,0,1,0,0,paper310
paper257,0,0,0,1,0,0,paper257
paper266,0,0,0,1,0,0,paper266
paper554,0,0,0,1,0,0,paper554
paper132,0,0,0,1,0,0,paper132
paper112,0,0,0,1,0,0,paper112
paper83,0,0,0,1,0,0,paper83
paper311,0,0,0,1,0,0,paper311
paper8,0,0,0,1,0,0,paper8
paper221,0,0,0,1,0,0,paper221
paper476,0,0,0,1,0,0,paper476
paper230,0,0,0,1,0,0,paper230
paper113,0,0,0,1,0,0,paper113
paper366,0,0,0,1,0,0,paper366
paper149,0,0,0,1,0,0,paper149
paper458,0,0,0,1,0,0,paper458
paper116,0,0,0,1,0,0,paper116
paper252,0,0,0,1,0,0,paper252
paper251,0,0,0,1,0,0,paper251
paper563,0,0,0,1,0,0,paper563
paper67,0,0,0,1,0,0,paper67
paper387,0,0,0,1,0,0,paper387
paper499,0,0,0,1,0,0,paper499
paper487,0,0,0,1,0,0,paper487
paper586,0,0,0,1,0,0,paper586
paper376,0,0,0,1,0,0,paper376
paper477,0,0,0,1,0,0,paper477
paper84,0,0,0,1,0,0,paper84
paper48,0,0,0,1,0,0,paper48
paper467,0,0,0,1,0,0,paper467
paper573,0,0,0,1,0,0,paper573
paper512,0,0,0,1,0,0,paper512
paper50,0,0,0,1,0,0,paper50
paper293,0,0,0,1,0,0,paper293
paper243,0,0,0,1,0,0,paper243
paper395,0,0,0,1,0,0,paper395
paper30,0,0,0,1,0,0,paper30
paper80,0,0,0,1,0,0,paper80
paper585,0,0,0,1,0,0,paper585
paper492,0,0,0,1,0,0,paper492
paper438,0,0,0,1,0,0,paper438
paper353,0,0,0,1,0,0,paper353
paper456,0,0,0,1,0,0,paper456
paper359,0,0,0,1,0,0,paper359
paper124,0,0,0,1,0,0,paper124
paper166,0,0,0,1,0,0,paper166
paper561,0,0,0,1,0,0,paper561
paper160,0,0,0,1,0,0,paper160
paper555,0,0,0,1,0,0,paper555
paper430,0,0,0,1,0,0,paper430
paper255,0,0,0,1,0,0,paper255
paper167,0,0,0,1,0,0,paper167
paper426,0,0,0,1,0,0,paper426
paper514,0,0,0,1,0,0,paper514
paper213,0,0,0,1,0,0,paper213
paper177,0,0,0,1,0,0,paper177
paper298,0,0,0,1,0,0,paper298
paper121,0,0,0,1,0,0,paper121
paper486,0,0,0,1,0,0,paper486
paper104,0,0,0,1,0,0,paper104
paper370,0,0,0,1,0,0,paper370
paper517,0,0,0,1,0,0,paper517
paper220,0,0,0,1,0,0,paper220
paper333,0,0,0,1,0,0,paper333
paper553,0,0,0,1,0,0,paper553
paper41,0,0,0,1,0,0,paper41
paper37,0,0,0,1,0,0,paper37
paper128,0,0,0,1,0,0,paper128
paper281,0,0,0,1,0,0,paper281
paper205,0,0,0,1,0,0,paper205
paper339,0,0,0,1,0,0,paper339
paper388,0,0,0,1,0,0,paper388
paper234,0,0,0,1,0,0,paper234
paper76,0,0,0,1,0,0,paper76
paper466,0,0,0,1,0,0,paper466
paper182,0,0,0,1,0,0,paper182
paper377,0,0,0,1,0,0,paper377
paper402,0,0,0,1,0,0,paper402
paper43,0,0,0,1,0,0,paper43
paper346,0,0,0,1,0,0,paper346
paper226,0,0,0,1,0,0,paper226
paper192,0,0,0,1,0,0,paper192
paper17,0,0,0,1,0,0,paper17
paper510,0,0,0,1,0,0,paper510
paper98,0,0,0,1,0,0,paper98
paper491,0,0,0,1,0,0,paper491
paper471,0,0,0,1,0,0,paper471
paper527,0,0,0,1,0,0,paper527
cardboard95,1,0,0,0,0,0,cardboard95
cardboard397,1,0,0,0,0,0,cardboard397
cardboard32,1,0,0,0,0,0,cardboard32
cardboard118,1,0,0,0,0,0,cardboard118
cardboard387,1,0,0,0,0,0,cardboard387
cardboard150,1,0,0,0,0,0,cardboard150
cardboard161,1,0,0,0,0,0,cardboard161
cardboard322,1,0,0,0,0,0,cardboard322
cardboard120,1,0,0,0,0,0,cardboard120
cardboard24,1,0,0,0,0,0,cardboard24
cardboard217,1,0,0,0,0,0,cardboard217
cardboard281,1,0,0,0,0,0,cardboard281
cardboard188,1,0,0,0,0,0,cardboard188
cardboard303,1,0,0,0,0,0,cardboard303
cardboard220,1,0,0,0,0,0,cardboard220
cardboard128,1,0,0,0,0,0,cardboard128
cardboard373,1,0,0,0,0,0,cardboard373
cardboard64,1,0,0,0,0,0,cardboard64
cardboard315,1,0,0,0,0,0,cardboard315
cardboard78,1,0,0,0,0,0,cardboard78
cardboard48,1,0,0,0,0,0,cardboard48
cardboard268,1,0,0,0,0,0,cardboard268
cardboard377,1,0,0,0,0,0,cardboard377
cardboard358,1,0,0,0,0,0,cardboard358
cardboard256,1,0,0,0,0,0,cardboard256
cardboard243,1,0,0,0,0,0,cardboard243
cardboard306,1,0,0,0,0,0,cardboard306
cardboard49,1,0,0,0,0,0,cardboard49
cardboard99,1,0,0,0,0,0,cardboard99
cardboard27,1,0,0,0,0,0,cardboard27
cardboard286,1,0,0,0,0,0,cardboard286
cardboard277,1,0,0,0,0,0,cardboard277
cardboard229,1,0,0,0,0,0,cardboard229
cardboard97,1,0,0,0,0,0,cardboard97
cardboard157,1,0,0,0,0,0,cardboard157
cardboard263,1,0,0,0,0,0,cardboard263
cardboard226,1,0,0,0,0,0,cardboard226
cardboard324,1,0,0,0,0,0,cardboard324
cardboard317,1,0,0,0,0,0,cardboard317
cardboard301,1,0,0,0,0,0,cardboard301
cardboard103,1,0,0,0,0,0,cardboard103
cardboard162,1,0,0,0,0,0,cardboard162
cardboard191,1,0,0,0,0,0,cardboard191
cardboard285,1,0,0,0,0,0,cardboard285
cardboard319,1,0,0,0,0,0,cardboard319
cardboard104,1,0,0,0,0,0,cardboard104
cardboard341,1,0,0,0,0,0,cardboard341
cardboard14,1,0,0,0,0,0,cardboard14
cardboard311,1,0,0,0,0,0,cardboard311
cardboard259,1,0,0,0,0,0,cardboard259
cardboard353,1,0,0,0,0,0,cardboard353
cardboard30,1,0,0,0,0,0,cardboard30
cardboard351,1,0,0,0,0,0,cardboard351
cardboard363,1,0,0,0,0,0,cardboard363
cardboard100,1,0,0,0,0,0,cardboard100
cardboard205,1,0,0,0,0,0,cardboard205
cardboard136,1,0,0,0,0,0,cardboard136
cardboard265,1,0,0,0,0,0,cardboard265
cardboard108,1,0,0,0,0,0,cardboard108
cardboard58,1,0,0,0,0,0,cardboard58
cardboard72,1,0,0,0,0,0,cardboard72
cardboard232,1,0,0,0,0,0,cardboard232
cardboard87,1,0,0,0,0,0,cardboard87
cardboard320,1,0,0,0,0,0,cardboard320
cardboard288,1,0,0,0,0,0,cardboard288
cardboard325,1,0,0,0,0,0,cardboard325
cardboard248,1,0,0,0,0,0,cardboard248
cardboard41,1,0,0,0,0,0,cardboard41
cardboard359,1,0,0,0,0,0,cardboard359
cardboard376,1,0,0,0,0,0,cardboard376
cardboard76,1,0,0,0,0,0,cardboard76
cardboard47,1,0,0,0,0,0,cardboard47
cardboard241,1,0,0,0,0,0,cardboard241
cardboard308,1,0,0,0,0,0,cardboard308
cardboard293,1,0,0,0,0,0,cardboard293
cardboard140,1,0,0,0,0,0,cardboard140
cardboard50,1,0,0,0,0,0,cardboard50
cardboard63,1,0,0,0,0,0,cardboard63
cardboard156,1,0,0,0,0,0,cardboard156
cardboard166,1,0,0,0,0,0,cardboard166
cardboard374,1,0,0,0,0,0,cardboard374
cardboard45,1,0,0,0,0,0,cardboard45
cardboard346,1,0,0,0,0,0,cardboard346
cardboard152,1,0,0,0,0,0,cardboard152
cardboard91,1,0,0,0,0,0,cardboard91
cardboard127,1,0,0,0,0,0,cardboard127
cardboard180,1,0,0,0,0,0,cardboard180
cardboard179,1,0,0,0,0,0,cardboard179
cardboard312,1,0,0,0,0,0,cardboard312
cardboard290,1,0,0,0,0,0,cardboard290
cardboard218,1,0,0,0,0,0,cardboard218
cardboard122,1,0,0,0,0,0,cardboard122
cardboard309,1,0,0,0,0,0,cardboard309
cardboard65,1,0,0,0,0,0,cardboard65
cardboard239,1,0,0,0,0,0,cardboard239
cardboard2,1,0,0,0,0,0,cardboard2
cardboard349,1,0,0,0,0,0,cardboard349
cardboard105,1,0,0,0,0,0,cardboard105
cardboard169,1,0,0,0,0,0,cardboard169
cardboard115,1,0,0,0,0,0,cardboard115
cardboard133,1,0,0,0,0,0,cardboard133
cardboard187,1,0,0,0,0,0,cardboard187
cardboard401,1,0,0,0,0,0,cardboard401
cardboard69,1,0,0,0,0,0,cardboard69
cardboard375,1,0,0,0,0,0,cardboard375
cardboard10,1,0,0,0,0,0,cardboard10
cardboard208,1,0,0,0,0,0,cardboard208
cardboard328,1,0,0,0,0,0,cardboard328
cardboard60,1,0,0,0,0,0,cardboard60
cardboard143,1,0,0,0,0,0,cardboard143
cardboard402,1,0,0,0,0,0,cardboard402
cardboard93,1,0,0,0,0,0,cardboard93
cardboard39,1,0,0,0,0,0,cardboard39
cardboard361,1,0,0,0,0,0,cardboard361
cardboard114,1,0,0,0,0,0,cardboard114
cardboard270,1,0,0,0,0,0,cardboard270
cardboard273,1,0,0,0,0,0,cardboard273
cardboard44,1,0,0,0,0,0,cardboard44
cardboard18,1,0,0,0,0,0,cardboard18
cardboard102,1,0,0,0,0,0,cardboard102
cardboard109,1,0,0,0,0,0,cardboard109
cardboard314,1,0,0,0,0,0,cardboard314
cardboard181,1,0,0,0,0,0,cardboard181
cardboard20,1,0,0,0,0,0,cardboard20
cardboard46,1,0,0,0,0,0,cardboard46
cardboard200,1,0,0,0,0,0,cardboard200
cardboard254,1,0,0,0,0,0,cardboard254
cardboard215,1,0,0,0,0,0,cardboard215
cardboard326,1,0,0,0,0,0,cardboard326
cardboard382,1,0,0,0,0,0,cardboard382
cardboard56,1,0,0,0,0,0,cardboard56
cardboard67,1,0,0,0,0,0,cardboard67
cardboard66,1,0,0,0,0,0,cardboard66
cardboard338,1,0,0,0,0,0,cardboard338
cardboard245,1,0,0,0,0,0,cardboard245
cardboard390,1,0,0,0,0,0,cardboard390
cardboard305,1,0,0,0,0,0,cardboard305
cardboard366,1,0,0,0,0,0,cardboard366
cardboard207,1,0,0,0,0,0,cardboard207
cardboard339,1,0,0,0,0,0,cardboard339
cardboard146,1,0,0,0,0,0,cardboard146
cardboard82,1,0,0,0,0,0,cardboard82
cardboard370,1,0,0,0,0,0,cardboard370
cardboard164,1,0,0,0,0,0,cardboard164
cardboard193,1,0,0,0,0,0,cardboard193
cardboard222,1,0,0,0,0,0,cardboard222
cardboard246,1,0,0,0,0,0,cardboard246
cardboard34,1,0,0,0,0,0,cardboard34
cardboard4,1,0,0,0,0,0,cardboard4
cardboard203,1,0,0,0,0,0,cardboard203
cardboard175,1,0,0,0,0,0,cardboard175
cardboard186,1,0,0,0,0,0,cardboard186
cardboard131,1,0,0,0,0,0,cardboard131
cardboard316,1,0,0,0,0,0,cardboard316
cardboard354,1,0,0,0,0,0,cardboard354
cardboard142,1,0,0,0,0,0,cardboard142
cardboard365,1,0,0,0,0,0,cardboard365
cardboard130,1,0,0,0,0,0,cardboard130
cardboard219,1,0,0,0,0,0,cardboard219
cardboard107,1,0,0,0,0,0,cardboard107
cardboard160,1,0,0,0,0,0,cardboard160
cardboard242,1,0,0,0,0,0,cardboard242
cardboard291,1,0,0,0,0,0,cardboard291
cardboard385,1,0,0,0,0,0,cardboard385
cardboard352,1,0,0,0,0,0,cardboard352
cardboard106,1,0,0,0,0,0,cardboard106
cardboard53,1,0,0,0,0,0,cardboard53
cardboard340,1,0,0,0,0,0,cardboard340
cardboard199,1,0,0,0,0,0,cardboard199
cardboard227,1,0,0,0,0,0,cardboard227
cardboard52,1,0,0,0,0,0,cardboard52
cardboard344,1,0,0,0,0,0,cardboard344
cardboard42,1,0,0,0,0,0,cardboard42
cardboard33,1,0,0,0,0,0,cardboard33
cardboard379,1,0,0,0,0,0,cardboard379
cardboard80,1,0,0,0,0,0,cardboard80
cardboard381,1,0,0,0,0,0,cardboard381
cardboard119,1,0,0,0,0,0,cardboard119
cardboard280,1,0,0,0,0,0,cardboard280
cardboard174,1,0,0,0,0,0,cardboard174
cardboard212,1,0,0,0,0,0,cardboard212
cardboard8,1,0,0,0,0,0,cardboard8
cardboard92,1,0,0,0,0,0,cardboard92
cardboard176,1,0,0,0,0,0,cardboard176
cardboard94,1,0,0,0,0,0,cardboard94
cardboard11,1,0,0,0,0,0,cardboard11
cardboard287,1,0,0,0,0,0,cardboard287
cardboard310,1,0,0,0,0,0,cardboard310
cardboard23,1,0,0,0,0,0,cardboard23
cardboard367,1,0,0,0,0,0,cardboard367
cardboard334,1,0,0,0,0,0,cardboard334
cardboard17,1,0,0,0,0,0,cardboard17
cardboard182,1,0,0,0,0,0,cardboard182
cardboard37,1,0,0,0,0,0,cardboard37
cardboard257,1,0,0,0,0,0,cardboard257
cardboard31,1,0,0,0,0,0,cardboard31
cardboard168,1,0,0,0,0,0,cardboard168
cardboard289,1,0,0,0,0,0,cardboard289
cardboard253,1,0,0,0,0,0,cardboard253
cardboard331,1,0,0,0,0,0,cardboard331
cardboard216,1,0,0,0,0,0,cardboard216
cardboard327,1,0,0,0,0,0,cardboard327
cardboard81,1,0,0,0,0,0,cardboard81
cardboard393,1,0,0,0,0,0,cardboard393
cardboard264,1,0,0,0,0,0,cardboard264
cardboard86,1,0,0,0,0,0,cardboard86
cardboard134,1,0,0,0,0,0,cardboard134
cardboard343,1,0,0,0,0,0,cardboard343
cardboard388,1,0,0,0,0,0,cardboard388
cardboard396,1,0,0,0,0,0,cardboard396
cardboard350,1,0,0,0,0,0,cardboard350
cardboard362,1,0,0,0,0,0,cardboard362
cardboard96,1,0,0,0,0,0,cardboard96
cardboard135,1,0,0,0,0,0,cardboard135
cardboard116,1,0,0,0,0,0,cardboard116
cardboard271,1,0,0,0,0,0,cardboard271
cardboard40,1,0,0,0,0,0,cardboard40
cardboard22,1,0,0,0,0,0,cardboard22
cardboard233,1,0,0,0,0,0,cardboard233
cardboard151,1,0,0,0,0,0,cardboard151
cardboard398,1,0,0,0,0,0,cardboard398
cardboard183,1,0,0,0,0,0,cardboard183
cardboard247,1,0,0,0,0,0,cardboard247
cardboard348,1,0,0,0,0,0,cardboard348
cardboard126,1,0,0,0,0,0,cardboard126
cardboard141,1,0,0,0,0,0,cardboard141
cardboard83,1,0,0,0,0,0,cardboard83
cardboard159,1,0,0,0,0,0,cardboard159
cardboard292,1,0,0,0,0,0,cardboard292
cardboard21,1,0,0,0,0,0,cardboard21
cardboard371,1,0,0,0,0,0,cardboard371
cardboard223,1,0,0,0,0,0,cardboard223
cardboard307,1,0,0,0,0,0,cardboard307
cardboard335,1,0,0,0,0,0,cardboard335
cardboard5,1,0,0,0,0,0,cardboard5
cardboard79,1,0,0,0,0,0,cardboard79
cardboard55,1,0,0,0,0,0,cardboard55
cardboard276,1,0,0,0,0,0,cardboard276
cardboard147,1,0,0,0,0,0,cardboard147
cardboard190,1,0,0,0,0,0,cardboard190
cardboard386,1,0,0,0,0,0,cardboard386
cardboard296,1,0,0,0,0,0,cardboard296
cardboard38,1,0,0,0,0,0,cardboard38
cardboard167,1,0,0,0,0,0,cardboard167
cardboard392,1,0,0,0,0,0,cardboard392
cardboard313,1,0,0,0,0,0,cardboard313
cardboard68,1,0,0,0,0,0,cardboard68
cardboard279,1,0,0,0,0,0,cardboard279
cardboard110,1,0,0,0,0,0,cardboard110
cardboard298,1,0,0,0,0,0,cardboard298
cardboard51,1,0,0,0,0,0,cardboard51
cardboard214,1,0,0,0,0,0,cardboard214
cardboard198,1,0,0,0,0,0,cardboard198
cardboard178,1,0,0,0,0,0,cardboard178
cardboard251,1,0,0,0,0,0,cardboard251
cardboard129,1,0,0,0,0,0,cardboard129
cardboard269,1,0,0,0,0,0,cardboard269
cardboard342,1,0,0,0,0,0,cardboard342
cardboard192,1,0,0,0,0,0,cardboard192
cardboard202,1,0,0,0,0,0,cardboard202
cardboard123,1,0,0,0,0,0,cardboard123
cardboard211,1,0,0,0,0,0,cardboard211
cardboard278,1,0,0,0,0,0,cardboard278
cardboard138,1,0,0,0,0,0,cardboard138
cardboard73,1,0,0,0,0,0,cardboard73
cardboard284,1,0,0,0,0,0,cardboard284
cardboard177,1,0,0,0,0,0,cardboard177
cardboard172,1,0,0,0,0,0,cardboard172
cardboard357,1,0,0,0,0,0,cardboard357
cardboard90,1,0,0,0,0,0,cardboard90
cardboard70,1,0,0,0,0,0,cardboard70
cardboard282,1,0,0,0,0,0,cardboard282
cardboard13,1,0,0,0,0,0,cardboard13
cardboard189,1,0,0,0,0,0,cardboard189
cardboard171,1,0,0,0,0,0,cardboard171
cardboard77,1,0,0,0,0,0,cardboard77
cardboard355,1,0,0,0,0,0,cardboard355
cardboard235,1,0,0,0,0,0,cardboard235
cardboard237,1,0,0,0,0,0,cardboard237
cardboard61,1,0,0,0,0,0,cardboard61
cardboard197,1,0,0,0,0,0,cardboard197
cardboard111,1,0,0,0,0,0,cardboard111
cardboard117,1,0,0,0,0,0,cardboard117
cardboard304,1,0,0,0,0,0,cardboard304
cardboard225,1,0,0,0,0,0,cardboard225
cardboard165,1,0,0,0,0,0,cardboard165
cardboard329,1,0,0,0,0,0,cardboard329
cardboard274,1,0,0,0,0,0,cardboard274
cardboard144,1,0,0,0,0,0,cardboard144
cardboard262,1,0,0,0,0,0,cardboard262
cardboard318,1,0,0,0,0,0,cardboard318
cardboard85,1,0,0,0,0,0,cardboard85
cardboard337,1,0,0,0,0,0,cardboard337
cardboard154,1,0,0,0,0,0,cardboard154
cardboard302,1,0,0,0,0,0,cardboard302
cardboard75,1,0,0,0,0,0,cardboard75
cardboard231,1,0,0,0,0,0,cardboard231
cardboard258,1,0,0,0,0,0,cardboard258
cardboard369,1,0,0,0,0,0,cardboard369
cardboard29,1,0,0,0,0,0,cardboard29
cardboard372,1,0,0,0,0,0,cardboard372
cardboard121,1,0,0,0,0,0,cardboard121
cardboard294,1,0,0,0,0,0,cardboard294
cardboard125,1,0,0,0,0,0,cardboard125
cardboard260,1,0,0,0,0,0,cardboard260
cardboard209,1,0,0,0,0,0,cardboard209
cardboard244,1,0,0,0,0,0,cardboard244
cardboard299,1,0,0,0,0,0,cardboard299
cardboard98,1,0,0,0,0,0,cardboard98
cardboard380,1,0,0,0,0,0,cardboard380
cardboard378,1,0,0,0,0,0,cardboard378
cardboard234,1,0,0,0,0,0,cardboard234
cardboard101,1,0,0,0,0,0,cardboard101
cardboard213,1,0,0,0,0,0,cardboard213
cardboard196,1,0,0,0,0,0,cardboard196
cardboard356,1,0,0,0,0,0,cardboard356
cardboard148,1,0,0,0,0,0,cardboard148
cardboard228,1,0,0,0,0,0,cardboard228
cardboard255,1,0,0,0,0,0,cardboard255
cardboard84,1,0,0,0,0,0,cardboard84
cardboard394,1,0,0,0,0,0,cardboard394
cardboard336,1,0,0,0,0,0,cardboard336
cardboard149,1,0,0,0,0,0,cardboard149
cardboard275,1,0,0,0,0,0,cardboard275
cardboard113,1,0,0,0,0,0,cardboard113
cardboard155,1,0,0,0,0,0,cardboard155
cardboard360,1,0,0,0,0,0,cardboard360
cardboard19,1,0,0,0,0,0,cardboard19
cardboard132,1,0,0,0,0,0,cardboard132
cardboard283,1,0,0,0,0,0,cardboard283
cardboard1,1,0,0,0,0,0,cardboard1
cardboard249,1,0,0,0,0,0,cardboard249
cardboard383,1,0,0,0,0,0,cardboard383
cardboard16,1,0,0,0,0,0,cardboard16
cardboard368,1,0,0,0,0,0,cardboard368
cardboard395,1,0,0,0,0,0,cardboard395
cardboard59,1,0,0,0,0,0,cardboard59
cardboard43,1,0,0,0,0,0,cardboard43
cardboard185,1,0,0,0,0,0,cardboard185
cardboard6,1,0,0,0,0,0,cardboard6
cardboard26,1,0,0,0,0,0,cardboard26
cardboard194,1,0,0,0,0,0,cardboard194
cardboard221,1,0,0,0,0,0,cardboard221
cardboard7,1,0,0,0,0,0,cardboard7
cardboard391,1,0,0,0,0,0,cardboard391
cardboard71,1,0,0,0,0,0,cardboard71
cardboard238,1,0,0,0,0,0,cardboard238
cardboard266,1,0,0,0,0,0,cardboard266
cardboard384,1,0,0,0,0,0,cardboard384
cardboard12,1,0,0,0,0,0,cardboard12
cardboard399,1,0,0,0,0,0,cardboard399
cardboard139,1,0,0,0,0,0,cardboard139
cardboard210,1,0,0,0,0,0,cardboard210
cardboard364,1,0,0,0,0,0,cardboard364
cardboard261,1,0,0,0,0,0,cardboard261
cardboard25,1,0,0,0,0,0,cardboard25
cardboard35,1,0,0,0,0,0,cardboard35
cardboard403,1,0,0,0,0,0,cardboard403
cardboard158,1,0,0,0,0,0,cardboard158
cardboard74,1,0,0,0,0,0,cardboard74
cardboard300,1,0,0,0,0,0,cardboard300
cardboard224,1,0,0,0,0,0,cardboard224
cardboard28,1,0,0,0,0,0,cardboard28
cardboard236,1,0,0,0,0,0,cardboard236
cardboard54,1,0,0,0,0,0,cardboard54
cardboard57,1,0,0,0,0,0,cardboard57
cardboard163,1,0,0,0,0,0,cardboard163
cardboard330,1,0,0,0,0,0,cardboard330
cardboard15,1,0,0,0,0,0,cardboard15
cardboard204,1,0,0,0,0,0,cardboard204
cardboard9,1,0,0,0,0,0,cardboard9
cardboard345,1,0,0,0,0,0,cardboard345
cardboard230,1,0,0,0,0,0,cardboard230
cardboard272,1,0,0,0,0,0,cardboard272
cardboard36,1,0,0,0,0,0,cardboard36
cardboard267,1,0,0,0,0,0,cardboard267
cardboard124,1,0,0,0,0,0,cardboard124
cardboard173,1,0,0,0,0,0,cardboard173
cardboard206,1,0,0,0,0,0,cardboard206
cardboard137,1,0,0,0,0,0,cardboard137
cardboard89,1,0,0,0,0,0,cardboard89
cardboard332,1,0,0,0,0,0,cardboard332
cardboard112,1,0,0,0,0,0,cardboard112
cardboard153,1,0,0,0,0,0,cardboard153
cardboard333,1,0,0,0,0,0,cardboard333
cardboard400,1,0,0,0,0,0,cardboard400
cardboard145,1,0,0,0,0,0,cardboard145
cardboard323,1,0,0,0,0,0,cardboard323
cardboard295,1,0,0,0,0,0,cardboard295
cardboard195,1,0,0,0,0,0,cardboard195
cardboard250,1,0,0,0,0,0,cardboard250
cardboard321,1,0,0,0,0,0,cardboard321
cardboard240,1,0,0,0,0,0,cardboard240
cardboard62,1,0,0,0,0,0,cardboard62
cardboard297,1,0,0,0,0,0,cardboard297
cardboard252,1,0,0,0,0,0,cardboard252
cardboard389,1,0,0,0,0,0,cardboard389
cardboard201,1,0,0,0,0,0,cardboard201
cardboard88,1,0,0,0,0,0,cardboard88
cardboard3,1,0,0,0,0,0,cardboard3
cardboard170,1,0,0,0,0,0,cardboard170
cardboard347,1,0,0,0,0,0,cardboard347
cardboard184,1,0,0,0,0,0,cardboard184
plastic347,0,0,0,0,1,0,plastic347
plastic342,0,0,0,0,1,0,plastic342
plastic146,0,0,0,0,1,0,plastic146
plastic134,0,0,0,0,1,0,plastic134
plastic150,0,0,0,0,1,0,plastic150
plastic418,0,0,0,0,1,0,plastic418
plastic115,0,0,0,0,1,0,plastic115
plastic261,0,0,0,0,1,0,plastic261
plastic369,0,0,0,0,1,0,plastic369
plastic55,0,0,0,0,1,0,plastic55
plastic207,0,0,0,0,1,0,plastic207
plastic372,0,0,0,0,1,0,plastic372
plastic22,0,0,0,0,1,0,plastic22
plastic219,0,0,0,0,1,0,plastic219
plastic56,0,0,0,0,1,0,plastic56
plastic389,0,0,0,0,1,0,plastic389
plastic240,0,0,0,0,1,0,plastic240
plastic46,0,0,0,0,1,0,plastic46
plastic318,0,0,0,0,1,0,plastic318
plastic351,0,0,0,0,1,0,plastic351
plastic88,0,0,0,0,1,0,plastic88
plastic278,0,0,0,0,1,0,plastic278
plastic220,0,0,0,0,1,0,plastic220
plastic275,0,0,0,0,1,0,plastic275
plastic248,0,0,0,0,1,0,plastic248
plastic269,0,0,0,0,1,0,plastic269
plastic170,0,0,0,0,1,0,plastic170
plastic257,0,0,0,0,1,0,plastic257
plastic312,0,0,0,0,1,0,plastic312
plastic356,0,0,0,0,1,0,plastic356
plastic151,0,0,0,0,1,0,plastic151
plastic24,0,0,0,0,1,0,plastic24
plastic52,0,0,0,0,1,0,plastic52
plastic141,0,0,0,0,1,0,plastic141
plastic439,0,0,0,0,1,0,plastic439
plastic102,0,0,0,0,1,0,plastic102
plastic331,0,0,0,0,1,0,plastic331
plastic305,0,0,0,0,1,0,plastic305
plastic4,0,0,0,0,1,0,plastic4
plastic158,0,0,0,0,1,0,plastic158
plastic300,0,0,0,0,1,0,plastic300
plastic171,0,0,0,0,1,0,plastic171
plastic70,0,0,0,0,1,0,plastic70
plastic480,0,0,0,0,1,0,plastic480
plastic174,0,0,0,0,1,0,plastic174
plastic308,0,0,0,0,1,0,plastic308
plastic185,0,0,0,0,1,0,plastic185
plastic133,0,0,0,0,1,0,plastic133
plastic287,0,0,0,0,1,0,plastic287
plastic379,0,0,0,0,1,0,plastic379
plastic108,0,0,0,0,1,0,plastic108
plastic270,0,0,0,0,1,0,plastic270
plastic230,0,0,0,0,1,0,plastic230
plastic47,0,0,0,0,1,0,plastic47
plastic475,0,0,0,0,1,0,plastic475
plastic195,0,0,0,0,1,0,plastic195
plastic367,0,0,0,0,1,0,plastic367
plastic79,0,0,0,0,1,0,plastic79
plastic454,0,0,0,0,1,0,plastic454
plastic268,0,0,0,0,1,0,plastic268
plastic76,0,0,0,0,1,0,plastic76
plastic338,0,0,0,0,1,0,plastic338
plastic6,0,0,0,0,1,0,plastic6
plastic285,0,0,0,0,1,0,plastic285
plastic51,0,0,0,0,1,0,plastic51
plastic396,0,0,0,0,1,0,plastic396
plastic177,0,0,0,0,1,0,plastic177
plastic353,0,0,0,0,1,0,plastic353
plastic194,0,0,0,0,1,0,plastic194
plastic84,0,0,0,0,1,0,plastic84
plastic400,0,0,0,0,1,0,plastic400
plastic280,0,0,0,0,1,0,plastic280
plastic211,0,0,0,0,1,0,plastic211
plastic298,0,0,0,0,1,0,plastic298
plastic232,0,0,0,0,1,0,plastic232
plastic212,0,0,0,0,1,0,plastic212
plastic321,0,0,0,0,1,0,plastic321
plastic203,0,0,0,0,1,0,plastic203
plastic274,0,0,0,0,1,0,plastic274
plastic186,0,0,0,0,1,0,plastic186
plastic87,0,0,0,0,1,0,plastic87
plastic132,0,0,0,0,1,0,plastic132
plastic320,0,0,0,0,1,0,plastic320
plastic120,0,0,0,0,1,0,plastic120
plastic444,0,0,0,0,1,0,plastic444
plastic42,0,0,0,0,1,0,plastic42
plastic73,0,0,0,0,1,0,plastic73
plastic27,0,0,0,0,1,0,plastic27
plastic314,0,0,0,0,1,0,plastic314
plastic117,0,0,0,0,1,0,plastic117
plastic128,0,0,0,0,1,0,plastic128
plastic71,0,0,0,0,1,0,plastic71
plastic157,0,0,0,0,1,0,plastic157
plastic452,0,0,0,0,1,0,plastic452
plastic403,0,0,0,0,1,0,plastic403
plastic325,0,0,0,0,1,0,plastic325
plastic89,0,0,0,0,1,0,plastic89
plastic293,0,0,0,0,1,0,plastic293
plastic123,0,0,0,0,1,0,plastic123
plastic65,0,0,0,0,1,0,plastic65
plastic93,0,0,0,0,1,0,plastic93
plastic386,0,0,0,0,1,0,plastic386
plastic291,0,0,0,0,1,0,plastic291
plastic282,0,0,0,0,1,0,plastic282
plastic64,0,0,0,0,1,0,plastic64
plastic18,0,0,0,0,1,0,plastic18
plastic349,0,0,0,0,1,0,plastic349
plastic20,0,0,0,0,1,0,plastic20
plastic249,0,0,0,0,1,0,plastic249
plastic467,0,0,0,0,1,0,plastic467
plastic387,0,0,0,0,1,0,plastic387
plastic363,0,0,0,0,1,0,plastic363
plastic362,0,0,0,0,1,0,plastic362
plastic297,0,0,0,0,1,0,plastic297
plastic160,0,0,0,0,1,0,plastic160
plastic246,0,0,0,0,1,0,plastic246
plastic328,0,0,0,0,1,0,plastic328
plastic218,0,0,0,0,1,0,plastic218
plastic43,0,0,0,0,1,0,plastic43
plastic25,0,0,0,0,1,0,plastic25
plastic226,0,0,0,0,1,0,plastic226
plastic214,0,0,0,0,1,0,plastic214
plastic449,0,0,0,0,1,0,plastic449
plastic417,0,0,0,0,1,0,plastic417
plastic420,0,0,0,0,1,0,plastic420
plastic227,0,0,0,0,1,0,plastic227
plastic143,0,0,0,0,1,0,plastic143
plastic301,0,0,0,0,1,0,plastic301
plastic49,0,0,0,0,1,0,plastic49
plastic288,0,0,0,0,1,0,plastic288
plastic470,0,0,0,0,1,0,plastic470
plastic122,0,0,0,0,1,0,plastic122
plastic234,0,0,0,0,1,0,plastic234
plastic281,0,0,0,0,1,0,plastic281
plastic265,0,0,0,0,1,0,plastic265
plastic103,0,0,0,0,1,0,plastic103
plastic62,0,0,0,0,1,0,plastic62
plastic462,0,0,0,0,1,0,plastic462
plastic173,0,0,0,0,1,0,plastic173
plastic164,0,0,0,0,1,0,plastic164
plastic86,0,0,0,0,1,0,plastic86
plastic419,0,0,0,0,1,0,plastic419
plastic167,0,0,0,0,1,0,plastic167
plastic213,0,0,0,0,1,0,plastic213
plastic175,0,0,0,0,1,0,plastic175
plastic464,0,0,0,0,1,0,plastic464
plastic262,0,0,0,0,1,0,plastic262
plastic168,0,0,0,0,1,0,plastic168
plastic2,0,0,0,0,1,0,plastic2
plastic149,0,0,0,0,1,0,plastic149
plastic145,0,0,0,0,1,0,plastic145
plastic182,0,0,0,0,1,0,plastic182
plastic210,0,0,0,0,1,0,plastic210
plastic311,0,0,0,0,1,0,plastic311
plastic383,0,0,0,0,1,0,plastic383
plastic92,0,0,0,0,1,0,plastic92
plastic223,0,0,0,0,1,0,plastic223
plastic114,0,0,0,0,1,0,plastic114
plastic348,0,0,0,0,1,0,plastic348
plastic455,0,0,0,0,1,0,plastic455
plastic111,0,0,0,0,1,0,plastic111
plastic53,0,0,0,0,1,0,plastic53
plastic104,0,0,0,0,1,0,plastic104
plastic393,0,0,0,0,1,0,plastic393
plastic15,0,0,0,0,1,0,plastic15
plastic228,0,0,0,0,1,0,plastic228
plastic140,0,0,0,0,1,0,plastic140
plastic172,0,0,0,0,1,0,plastic172
plastic334,0,0,0,0,1,0,plastic334
plastic286,0,0,0,0,1,0,plastic286
plastic414,0,0,0,0,1,0,plastic414
plastic323,0,0,0,0,1,0,plastic323
plastic374,0,0,0,0,1,0,plastic374
plastic113,0,0,0,0,1,0,plastic113
plastic384,0,0,0,0,1,0,plastic384
plastic39,0,0,0,0,1,0,plastic39
plastic189,0,0,0,0,1,0,plastic189
plastic38,0,0,0,0,1,0,plastic38
plastic438,0,0,0,0,1,0,plastic438
plastic116,0,0,0,0,1,0,plastic116
plastic375,0,0,0,0,1,0,plastic375
plastic54,0,0,0,0,1,0,plastic54
plastic364,0,0,0,0,1,0,plastic364
plastic304,0,0,0,0,1,0,plastic304
plastic326,0,0,0,0,1,0,plastic326
plastic95,0,0,0,0,1,0,plastic95
plastic344,0,0,0,0,1,0,plastic344
plastic100,0,0,0,0,1,0,plastic100
plastic57,0,0,0,0,1,0,plastic57
plastic273,0,0,0,0,1,0,plastic273
plastic28,0,0,0,0,1,0,plastic28
plastic324,0,0,0,0,1,0,plastic324
plastic251,0,0,0,0,1,0,plastic251
plastic373,0,0,0,0,1,0,plastic373
plastic289,0,0,0,0,1,0,plastic289
plastic327,0,0,0,0,1,0,plastic327
plastic176,0,0,0,0,1,0,plastic176
plastic35,0,0,0,0,1,0,plastic35
plastic90,0,0,0,0,1,0,plastic90
plastic474,0,0,0,0,1,0,plastic474
plastic161,0,0,0,0,1,0,plastic161
plastic156,0,0,0,0,1,0,plastic156
plastic216,0,0,0,0,1,0,plastic216
plastic200,0,0,0,0,1,0,plastic200
plastic190,0,0,0,0,1,0,plastic190
plastic295,0,0,0,0,1,0,plastic295
plastic166,0,0,0,0,1,0,plastic166
plastic44,0,0,0,0,1,0,plastic44
plastic313,0,0,0,0,1,0,plastic313
plastic302,0,0,0,0,1,0,plastic302
plastic458,0,0,0,0,1,0,plastic458
plastic357,0,0,0,0,1,0,plastic357
plastic392,0,0,0,0,1,0,plastic392
plastic272,0,0,0,0,1,0,plastic272
plastic429,0,0,0,0,1,0,plastic429
plastic341,0,0,0,0,1,0,plastic341
plastic266,0,0,0,0,1,0,plastic266
plastic98,0,0,0,0,1,0,plastic98
plastic136,0,0,0,0,1,0,plastic136
plastic365,0,0,0,0,1,0,plastic365
plastic118,0,0,0,0,1,0,plastic118
plastic243,0,0,0,0,1,0,plastic243
plastic183,0,0,0,0,1,0,plastic183
plastic355,0,0,0,0,1,0,plastic355
plastic204,0,0,0,0,1,0,plastic204
plastic434,0,0,0,0,1,0,plastic434
plastic109,0,0,0,0,1,0,plastic109
plastic460,0,0,0,0,1,0,plastic460
plastic407,0,0,0,0,1,0,plastic407
plastic63,0,0,0,0,1,0,plastic63
plastic431,0,0,0,0,1,0,plastic431
plastic33,0,0,0,0,1,0,plastic33
plastic481,0,0,0,0,1,0,plastic481
plastic472,0,0,0,0,1,0,plastic472
plastic11,0,0,0,0,1,0,plastic11
plastic391,0,0,0,0,1,0,plastic391
plastic390,0,0,0,0,1,0,plastic390
plastic247,0,0,0,0,1,0,plastic247
plastic397,0,0,0,0,1,0,plastic397
plastic256,0,0,0,0,1,0,plastic256
plastic451,0,0,0,0,1,0,plastic451
plastic254,0,0,0,0,1,0,plastic254
plastic456,0,0,0,0,1,0,plastic456
plastic385,0,0,0,0,1,0,plastic385
plastic421,0,0,0,0,1,0,plastic421
plastic442,0,0,0,0,1,0,plastic442
plastic5,0,0,0,0,1,0,plastic5
plastic201,0,0,0,0,1,0,plastic201
plastic432,0,0,0,0,1,0,plastic432
plastic61,0,0,0,0,1,0,plastic61
plastic21,0,0,0,0,1,0,plastic21
plastic83,0,0,0,0,1,0,plastic83
plastic23,0,0,0,0,1,0,plastic23
plastic428,0,0,0,0,1,0,plastic428
plastic209,0,0,0,0,1,0,plastic209
plastic479,0,0,0,0,1,0,plastic479
plastic124,0,0,0,0,1,0,plastic124
plastic359,0,0,0,0,1,0,plastic359
plastic378,0,0,0,0,1,0,plastic378
plastic37,0,0,0,0,1,0,plastic37
plastic337,0,0,0,0,1,0,plastic337
plastic405,0,0,0,0,1,0,plastic405
plastic316,0,0,0,0,1,0,plastic316
plastic343,0,0,0,0,1,0,plastic343
plastic333,0,0,0,0,1,0,plastic333
plastic224,0,0,0,0,1,0,plastic224
plastic69,0,0,0,0,1,0,plastic69
plastic422,0,0,0,0,1,0,plastic422
plastic106,0,0,0,0,1,0,plastic106
plastic3,0,0,0,0,1,0,plastic3
plastic32,0,0,0,0,1,0,plastic32
plastic457,0,0,0,0,1,0,plastic457
plastic154,0,0,0,0,1,0,plastic154
plastic41,0,0,0,0,1,0,plastic41
plastic101,0,0,0,0,1,0,plastic101
plastic463,0,0,0,0,1,0,plastic463
plastic12,0,0,0,0,1,0,plastic12
plastic441,0,0,0,0,1,0,plastic441
plastic10,0,0,0,0,1,0,plastic10
plastic402,0,0,0,0,1,0,plastic402
plastic82,0,0,0,0,1,0,plastic82
plastic445,0,0,0,0,1,0,plastic445
plastic68,0,0,0,0,1,0,plastic68
plastic26,0,0,0,0,1,0,plastic26
plastic162,0,0,0,0,1,0,plastic162
plastic105,0,0,0,0,1,0,plastic105
plastic258,0,0,0,0,1,0,plastic258
plastic155,0,0,0,0,1,0,plastic155
plastic107,0,0,0,0,1,0,plastic107
plastic306,0,0,0,0,1,0,plastic306
plastic130,0,0,0,0,1,0,plastic130
plastic296,0,0,0,0,1,0,plastic296
plastic345,0,0,0,0,1,0,plastic345
plastic148,0,0,0,0,1,0,plastic148
plastic315,0,0,0,0,1,0,plastic315
plastic371,0,0,0,0,1,0,plastic371
plastic36,0,0,0,0,1,0,plastic36
plastic361,0,0,0,0,1,0,plastic361
plastic370,0,0,0,0,1,0,plastic370
plastic377,0,0,0,0,1,0,plastic377
plastic394,0,0,0,0,1,0,plastic394
plastic85,0,0,0,0,1,0,plastic85
plastic284,0,0,0,0,1,0,plastic284
plastic283,0,0,0,0,1,0,plastic283
plastic465,0,0,0,0,1,0,plastic465
plastic335,0,0,0,0,1,0,plastic335
plastic147,0,0,0,0,1,0,plastic147
plastic131,0,0,0,0,1,0,plastic131
plastic264,0,0,0,0,1,0,plastic264
plastic121,0,0,0,0,1,0,plastic121
plastic193,0,0,0,0,1,0,plastic193
plastic350,0,0,0,0,1,0,plastic350
plastic399,0,0,0,0,1,0,plastic399
plastic477,0,0,0,0,1,0,plastic477
plastic423,0,0,0,0,1,0,plastic423
plastic409,0,0,0,0,1,0,plastic409
plastic80,0,0,0,0,1,0,plastic80
plastic468,0,0,0,0,1,0,plastic468
plastic346,0,0,0,0,1,0,plastic346
plastic448,0,0,0,0,1,0,plastic448
plastic112,0,0,0,0,1,0,plastic112
plastic250,0,0,0,0,1,0,plastic250
plastic152,0,0,0,0,1,0,plastic152
plastic221,0,0,0,0,1,0,plastic221
plastic482,0,0,0,0,1,0,plastic482
plastic263,0,0,0,0,1,0,plastic263
plastic339,0,0,0,0,1,0,plastic339
plastic191,0,0,0,0,1,0,plastic191
plastic469,0,0,0,0,1,0,plastic469
plastic425,0,0,0,0,1,0,plastic425
plastic97,0,0,0,0,1,0,plastic97
plastic13,0,0,0,0,1,0,plastic13
plastic471,0,0,0,0,1,0,plastic471
plastic196,0,0,0,0,1,0,plastic196
plastic197,0,0,0,0,1,0,plastic197
plastic317,0,0,0,0,1,0,plastic317
plastic188,0,0,0,0,1,0,plastic188
plastic17,0,0,0,0,1,0,plastic17
plastic436,0,0,0,0,1,0,plastic436
plastic45,0,0,0,0,1,0,plastic45
plastic66,0,0,0,0,1,0,plastic66
plastic30,0,0,0,0,1,0,plastic30
plastic34,0,0,0,0,1,0,plastic34
plastic271,0,0,0,0,1,0,plastic271
plastic163,0,0,0,0,1,0,plastic163
plastic1,0,0,0,0,1,0,plastic1
plastic58,0,0,0,0,1,0,plastic58
plastic443,0,0,0,0,1,0,plastic443
plastic125,0,0,0,0,1,0,plastic125
plastic233,0,0,0,0,1,0,plastic233
plastic202,0,0,0,0,1,0,plastic202
plastic81,0,0,0,0,1,0,plastic81
plastic260,0,0,0,0,1,0,plastic260
plastic440,0,0,0,0,1,0,plastic440
plastic453,0,0,0,0,1,0,plastic453
plastic19,0,0,0,0,1,0,plastic19
plastic398,0,0,0,0,1,0,plastic398
plastic94,0,0,0,0,1,0,plastic94
plastic222,0,0,0,0,1,0,plastic222
plastic437,0,0,0,0,1,0,plastic437
plastic310,0,0,0,0,1,0,plastic310
plastic9,0,0,0,0,1,0,plastic9
plastic245,0,0,0,0,1,0,plastic245
plastic229,0,0,0,0,1,0,plastic229
plastic410,0,0,0,0,1,0,plastic410
plastic14,0,0,0,0,1,0,plastic14
plastic74,0,0,0,0,1,0,plastic74
plastic332,0,0,0,0,1,0,plastic332
plastic309,0,0,0,0,1,0,plastic309
plastic110,0,0,0,0,1,0,plastic110
plastic138,0,0,0,0,1,0,plastic138
plastic142,0,0,0,0,1,0,plastic142
plastic159,0,0,0,0,1,0,plastic159
plastic447,0,0,0,0,1,0,plastic447
plastic253,0,0,0,0,1,0,plastic253
plastic450,0,0,0,0,1,0,plastic450
plastic238,0,0,0,0,1,0,plastic238
plastic292,0,0,0,0,1,0,plastic292
plastic299,0,0,0,0,1,0,plastic299
plastic358,0,0,0,0,1,0,plastic358
plastic236,0,0,0,0,1,0,plastic236
plastic91,0,0,0,0,1,0,plastic91
plastic184,0,0,0,0,1,0,plastic184
plastic165,0,0,0,0,1,0,plastic165
plastic242,0,0,0,0,1,0,plastic242
plastic406,0,0,0,0,1,0,plastic406
plastic395,0,0,0,0,1,0,plastic395
plastic366,0,0,0,0,1,0,plastic366
plastic473,0,0,0,0,1,0,plastic473
plastic426,0,0,0,0,1,0,plastic426
plastic180,0,0,0,0,1,0,plastic180
plastic187,0,0,0,0,1,0,plastic187
plastic16,0,0,0,0,1,0,plastic16
plastic376,0,0,0,0,1,0,plastic376
plastic153,0,0,0,0,1,0,plastic153
plastic411,0,0,0,0,1,0,plastic411
plastic77,0,0,0,0,1,0,plastic77
plastic352,0,0,0,0,1,0,plastic352
plastic208,0,0,0,0,1,0,plastic208
plastic215,0,0,0,0,1,0,plastic215
plastic336,0,0,0,0,1,0,plastic336
plastic31,0,0,0,0,1,0,plastic31
plastic40,0,0,0,0,1,0,plastic40
plastic466,0,0,0,0,1,0,plastic466
plastic60,0,0,0,0,1,0,plastic60
plastic446,0,0,0,0,1,0,plastic446
plastic225,0,0,0,0,1,0,plastic225
plastic430,0,0,0,0,1,0,plastic430
plastic303,0,0,0,0,1,0,plastic303
plastic340,0,0,0,0,1,0,plastic340
plastic381,0,0,0,0,1,0,plastic381
plastic78,0,0,0,0,1,0,plastic78
plastic237,0,0,0,0,1,0,plastic237
plastic126,0,0,0,0,1,0,plastic126
plastic205,0,0,0,0,1,0,plastic205
plastic137,0,0,0,0,1,0,plastic137
plastic380,0,0,0,0,1,0,plastic380
plastic50,0,0,0,0,1,0,plastic50
plastic424,0,0,0,0,1,0,plastic424
plastic416,0,0,0,0,1,0,plastic416
plastic129,0,0,0,0,1,0,plastic129
plastic408,0,0,0,0,1,0,plastic408
plastic330,0,0,0,0,1,0,plastic330
plastic119,0,0,0,0,1,0,plastic119
plastic427,0,0,0,0,1,0,plastic427
plastic319,0,0,0,0,1,0,plastic319
plastic67,0,0,0,0,1,0,plastic67
plastic276,0,0,0,0,1,0,plastic276
plastic277,0,0,0,0,1,0,plastic277
plastic259,0,0,0,0,1,0,plastic259
plastic96,0,0,0,0,1,0,plastic96
plastic368,0,0,0,0,1,0,plastic368
plastic322,0,0,0,0,1,0,plastic322
plastic478,0,0,0,0,1,0,plastic478
plastic360,0,0,0,0,1,0,plastic360
plastic72,0,0,0,0,1,0,plastic72
plastic252,0,0,0,0,1,0,plastic252
plastic192,0,0,0,0,1,0,plastic192
plastic179,0,0,0,0,1,0,plastic179
plastic241,0,0,0,0,1,0,plastic241
plastic433,0,0,0,0,1,0,plastic433
plastic127,0,0,0,0,1,0,plastic127
plastic199,0,0,0,0,1,0,plastic199
plastic144,0,0,0,0,1,0,plastic144
plastic139,0,0,0,0,1,0,plastic139
plastic404,0,0,0,0,1,0,plastic404
plastic235,0,0,0,0,1,0,plastic235
plastic198,0,0,0,0,1,0,plastic198
plastic476,0,0,0,0,1,0,plastic476
plastic135,0,0,0,0,1,0,plastic135
plastic294,0,0,0,0,1,0,plastic294
plastic206,0,0,0,0,1,0,plastic206
plastic59,0,0,0,0,1,0,plastic59
plastic169,0,0,0,0,1,0,plastic169
plastic435,0,0,0,0,1,0,plastic435
plastic354,0,0,0,0,1,0,plastic354
plastic99,0,0,0,0,1,0,plastic99
plastic7,0,0,0,0,1,0,plastic7
plastic178,0,0,0,0,1,0,plastic178
plastic382,0,0,0,0,1,0,plastic382
plastic75,0,0,0,0,1,0,plastic75
plastic29,0,0,0,0,1,0,plastic29
plastic290,0,0,0,0,1,0,plastic290
plastic279,0,0,0,0,1,0,plastic279
plastic267,0,0,0,0,1,0,plastic267
plastic231,0,0,0,0,1,0,plastic231
plastic255,0,0,0,0,1,0,plastic255
plastic181,0,0,0,0,1,0,plastic181
plastic239,0,0,0,0,1,0,plastic239
plastic459,0,0,0,0,1,0,plastic459
plastic8,0,0,0,0,1,0,plastic8
plastic412,0,0,0,0,1,0,plastic412
plastic307,0,0,0,0,1,0,plastic307
plastic415,0,0,0,0,1,0,plastic415
plastic329,0,0,0,0,1,0,plastic329
plastic244,0,0,0,0,1,0,plastic244
plastic461,0,0,0,0,1,0,plastic461
plastic413,0,0,0,0,1,0,plastic413
plastic217,0,0,0,0,1,0,plastic217
plastic401,0,0,0,0,1,0,plastic401
plastic48,0,0,0,0,1,0,plastic48
plastic388,0,0,0,0,1,0,plastic388
metal38,0,0,1,0,0,0,metal38
metal283,0,0,1,0,0,0,metal283
metal49,0,0,1,0,0,0,metal49
metal297,0,0,1,0,0,0,metal297
metal29,0,0,1,0,0,0,metal29
metal350,0,0,1,0,0,0,metal350
metal387,0,0,1,0,0,0,metal387
metal311,0,0,1,0,0,0,metal311
metal341,0,0,1,0,0,0,metal341
metal118,0,0,1,0,0,0,metal118
metal318,0,0,1,0,0,0,metal318
metal66,0,0,1,0,0,0,metal66
metal394,0,0,1,0,0,0,metal394
metal268,0,0,1,0,0,0,metal268
metal312,0,0,1,0,0,0,metal312
metal69,0,0,1,0,0,0,metal69
metal33,0,0,1,0,0,0,metal33
metal355,0,0,1,0,0,0,metal355
metal361,0,0,1,0,0,0,metal361
metal119,0,0,1,0,0,0,metal119
metal276,0,0,1,0,0,0,metal276
metal220,0,0,1,0,0,0,metal220
metal230,0,0,1,0,0,0,metal230
metal138,0,0,1,0,0,0,metal138
metal32,0,0,1,0,0,0,metal32
metal199,0,0,1,0,0,0,metal199
metal46,0,0,1,0,0,0,metal46
metal183,0,0,1,0,0,0,metal183
metal354,0,0,1,0,0,0,metal354
metal363,0,0,1,0,0,0,metal363
metal330,0,0,1,0,0,0,metal330
metal25,0,0,1,0,0,0,metal25
metal162,0,0,1,0,0,0,metal162
metal84,0,0,1,0,0,0,metal84
metal91,0,0,1,0,0,0,metal91
metal409,0,0,1,0,0,0,metal409
metal196,0,0,1,0,0,0,metal196
metal177,0,0,1,0,0,0,metal177
metal235,0,0,1,0,0,0,metal235
metal123,0,0,1,0,0,0,metal123
metal197,0,0,1,0,0,0,metal197
metal173,0,0,1,0,0,0,metal173
metal99,0,0,1,0,0,0,metal99
metal122,0,0,1,0,0,0,metal122
metal210,0,0,1,0,0,0,metal210
metal26,0,0,1,0,0,0,metal26
metal343,0,0,1,0,0,0,metal343
metal117,0,0,1,0,0,0,metal117
metal136,0,0,1,0,0,0,metal136
metal200,0,0,1,0,0,0,metal200
metal219,0,0,1,0,0,0,metal219
metal23,0,0,1,0,0,0,metal23
metal336,0,0,1,0,0,0,metal336
metal104,0,0,1,0,0,0,metal104
metal349,0,0,1,0,0,0,metal349
metal115,0,0,1,0,0,0,metal115
metal293,0,0,1,0,0,0,metal293
metal410,0,0,1,0,0,0,metal410
metal289,0,0,1,0,0,0,metal289
metal287,0,0,1,0,0,0,metal287
metal75,0,0,1,0,0,0,metal75
metal400,0,0,1,0,0,0,metal400
metal326,0,0,1,0,0,0,metal326
metal233,0,0,1,0,0,0,metal233
metal392,0,0,1,0,0,0,metal392
metal270,0,0,1,0,0,0,metal270
metal171,0,0,1,0,0,0,metal171
metal316,0,0,1,0,0,0,metal316
metal346,0,0,1,0,0,0,metal346
metal60,0,0,1,0,0,0,metal60
metal102,0,0,1,0,0,0,metal102
metal338,0,0,1,0,0,0,metal338
metal131,0,0,1,0,0,0,metal131
metal120,0,0,1,0,0,0,metal120
metal255,0,0,1,0,0,0,metal255
metal54,0,0,1,0,0,0,metal54
metal110,0,0,1,0,0,0,metal110
metal148,0,0,1,0,0,0,metal148
metal39,0,0,1,0,0,0,metal39
metal407,0,0,1,0,0,0,metal407
metal300,0,0,1,0,0,0,metal300
metal223,0,0,1,0,0,0,metal223
metal30,0,0,1,0,0,0,metal30
metal36,0,0,1,0,0,0,metal36
metal260,0,0,1,0,0,0,metal260
metal288,0,0,1,0,0,0,metal288
metal64,0,0,1,0,0,0,metal64
metal169,0,0,1,0,0,0,metal169
metal379,0,0,1,0,0,0,metal379
metal153,0,0,1,0,0,0,metal153
metal179,0,0,1,0,0,0,metal179
metal370,0,0,1,0,0,0,metal370
metal247,0,0,1,0,0,0,metal247
metal135,0,0,1,0,0,0,metal135
metal12,0,0,1,0,0,0,metal12
metal324,0,0,1,0,0,0,metal324
metal164,0,0,1,0,0,0,metal164
metal74,0,0,1,0,0,0,metal74
metal188,0,0,1,0,0,0,metal188
metal337,0,0,1,0,0,0,metal337
metal303,0,0,1,0,0,0,metal303
metal167,0,0,1,0,0,0,metal167
metal217,0,0,1,0,0,0,metal217
metal399,0,0,1,0,0,0,metal399
metal27,0,0,1,0,0,0,metal27
metal310,0,0,1,0,0,0,metal310
metal227,0,0,1,0,0,0,metal227
metal231,0,0,1,0,0,0,metal231
metal239,0,0,1,0,0,0,metal239
metal51,0,0,1,0,0,0,metal51
metal358,0,0,1,0,0,0,metal358
metal193,0,0,1,0,0,0,metal193
metal208,0,0,1,0,0,0,metal208
metal264,0,0,1,0,0,0,metal264
metal279,0,0,1,0,0,0,metal279
metal380,0,0,1,0,0,0,metal380
metal401,0,0,1,0,0,0,metal401
metal170,0,0,1,0,0,0,metal170
metal168,0,0,1,0,0,0,metal168
metal284,0,0,1,0,0,0,metal284
metal253,0,0,1,0,0,0,metal253
metal63,0,0,1,0,0,0,metal63
metal267,0,0,1,0,0,0,metal267
metal150,0,0,1,0,0,0,metal150
metal180,0,0,1,0,0,0,metal180
metal81,0,0,1,0,0,0,metal81
metal245,0,0,1,0,0,0,metal245
metal176,0,0,1,0,0,0,metal176
metal362,0,0,1,0,0,0,metal362
metal147,0,0,1,0,0,0,metal147
metal146,0,0,1,0,0,0,metal146
metal37,0,0,1,0,0,0,metal37
metal371,0,0,1,0,0,0,metal371
metal3,0,0,1,0,0,0,metal3
metal388,0,0,1,0,0,0,metal388
metal348,0,0,1,0,0,0,metal348
metal389,0,0,1,0,0,0,metal389
metal296,0,0,1,0,0,0,metal296
metal18,0,0,1,0,0,0,metal18
metal121,0,0,1,0,0,0,metal121
metal364,0,0,1,0,0,0,metal364
metal224,0,0,1,0,0,0,metal224
metal6,0,0,1,0,0,0,metal6
metal390,0,0,1,0,0,0,metal390
metal88,0,0,1,0,0,0,metal88
metal262,0,0,1,0,0,0,metal262
metal137,0,0,1,0,0,0,metal137
metal294,0,0,1,0,0,0,metal294
metal86,0,0,1,0,0,0,metal86
metal127,0,0,1,0,0,0,metal127
metal90,0,0,1,0,0,0,metal90
metal406,0,0,1,0,0,0,metal406
metal252,0,0,1,0,0,0,metal252
metal42,0,0,1,0,0,0,metal42
metal62,0,0,1,0,0,0,metal62
metal97,0,0,1,0,0,0,metal97
metal151,0,0,1,0,0,0,metal151
metal368,0,0,1,0,0,0,metal368
metal290,0,0,1,0,0,0,metal290
metal404,0,0,1,0,0,0,metal404
metal402,0,0,1,0,0,0,metal402
metal384,0,0,1,0,0,0,metal384
metal367,0,0,1,0,0,0,metal367
metal281,0,0,1,0,0,0,metal281
metal141,0,0,1,0,0,0,metal141
metal194,0,0,1,0,0,0,metal194
metal157,0,0,1,0,0,0,metal157
metal232,0,0,1,0,0,0,metal232
metal10,0,0,1,0,0,0,metal10
metal53,0,0,1,0,0,0,metal53
metal163,0,0,1,0,0,0,metal163
metal198,0,0,1,0,0,0,metal198
metal159,0,0,1,0,0,0,metal159
metal259,0,0,1,0,0,0,metal259
metal374,0,0,1,0,0,0,metal374
metal41,0,0,1,0,0,0,metal41
metal4,0,0,1,0,0,0,metal4
metal106,0,0,1,0,0,0,metal106
metal250,0,0,1,0,0,0,metal250
metal345,0,0,1,0,0,0,metal345
metal340,0,0,1,0,0,0,metal340
metal314,0,0,1,0,0,0,metal314
metal246,0,0,1,0,0,0,metal246
metal347,0,0,1,0,0,0,metal347
metal191,0,0,1,0,0,0,metal191
metal182,0,0,1,0,0,0,metal182
metal204,0,0,1,0,0,0,metal204
metal258,0,0,1,0,0,0,metal258
metal9,0,0,1,0,0,0,metal9
metal271,0,0,1,0,0,0,metal271
metal395,0,0,1,0,0,0,metal395
metal68,0,0,1,0,0,0,metal68
metal107,0,0,1,0,0,0,metal107
metal85,0,0,1,0,0,0,metal85
metal372,0,0,1,0,0,0,metal372
metal328,0,0,1,0,0,0,metal328
metal385,0,0,1,0,0,0,metal385
metal356,0,0,1,0,0,0,metal356
metal145,0,0,1,0,0,0,metal145
metal325,0,0,1,0,0,0,metal325
metal375,0,0,1,0,0,0,metal375
metal40,0,0,1,0,0,0,metal40
metal332,0,0,1,0,0,0,metal332
metal155,0,0,1,0,0,0,metal155
metal92,0,0,1,0,0,0,metal92
metal299,0,0,1,0,0,0,metal299
metal112,0,0,1,0,0,0,metal112
metal301,0,0,1,0,0,0,metal301
metal221,0,0,1,0,0,0,metal221
metal275,0,0,1,0,0,0,metal275
metal329,0,0,1,0,0,0,metal329
metal178,0,0,1,0,0,0,metal178
metal342,0,0,1,0,0,0,metal342
metal386,0,0,1,0,0,0,metal386
metal222,0,0,1,0,0,0,metal222
metal67,0,0,1,0,0,0,metal67
metal126,0,0,1,0,0,0,metal126
metal1,0,0,1,0,0,0,metal1
metal70,0,0,1,0,0,0,metal70
metal156,0,0,1,0,0,0,metal156
metal266,0,0,1,0,0,0,metal266
metal269,0,0,1,0,0,0,metal269
metal226,0,0,1,0,0,0,metal226
metal89,0,0,1,0,0,0,metal89
metal24,0,0,1,0,0,0,metal24
metal44,0,0,1,0,0,0,metal44
metal100,0,0,1,0,0,0,metal100
metal174,0,0,1,0,0,0,metal174
metal237,0,0,1,0,0,0,metal237
metal59,0,0,1,0,0,0,metal59
metal397,0,0,1,0,0,0,metal397
metal207,0,0,1,0,0,0,metal207
metal149,0,0,1,0,0,0,metal149
metal142,0,0,1,0,0,0,metal142
metal263,0,0,1,0,0,0,metal263
metal351,0,0,1,0,0,0,metal351
metal278,0,0,1,0,0,0,metal278
metal21,0,0,1,0,0,0,metal21
metal77,0,0,1,0,0,0,metal77
metal378,0,0,1,0,0,0,metal378
metal365,0,0,1,0,0,0,metal365
metal144,0,0,1,0,0,0,metal144
metal165,0,0,1,0,0,0,metal165
metal94,0,0,1,0,0,0,metal94
metal48,0,0,1,0,0,0,metal48
metal286,0,0,1,0,0,0,metal286
metal19,0,0,1,0,0,0,metal19
metal161,0,0,1,0,0,0,metal161
metal139,0,0,1,0,0,0,metal139
metal20,0,0,1,0,0,0,metal20
metal225,0,0,1,0,0,0,metal225
metal76,0,0,1,0,0,0,metal76
metal2,0,0,1,0,0,0,metal2
metal154,0,0,1,0,0,0,metal154
metal334,0,0,1,0,0,0,metal334
metal79,0,0,1,0,0,0,metal79
metal211,0,0,1,0,0,0,metal211
metal214,0,0,1,0,0,0,metal214
metal257,0,0,1,0,0,0,metal257
metal166,0,0,1,0,0,0,metal166
metal14,0,0,1,0,0,0,metal14
metal215,0,0,1,0,0,0,metal215
metal172,0,0,1,0,0,0,metal172
metal398,0,0,1,0,0,0,metal398
metal65,0,0,1,0,0,0,metal65
metal87,0,0,1,0,0,0,metal87
metal78,0,0,1,0,0,0,metal78
metal57,0,0,1,0,0,0,metal57
metal376,0,0,1,0,0,0,metal376
metal116,0,0,1,0,0,0,metal116
metal185,0,0,1,0,0,0,metal185
metal381,0,0,1,0,0,0,metal381
metal229,0,0,1,0,0,0,metal229
metal95,0,0,1,0,0,0,metal95
metal13,0,0,1,0,0,0,metal13
metal273,0,0,1,0,0,0,metal273
metal377,0,0,1,0,0,0,metal377
metal22,0,0,1,0,0,0,metal22
metal234,0,0,1,0,0,0,metal234
metal71,0,0,1,0,0,0,metal71
metal317,0,0,1,0,0,0,metal317
metal61,0,0,1,0,0,0,metal61
metal383,0,0,1,0,0,0,metal383
metal17,0,0,1,0,0,0,metal17
metal52,0,0,1,0,0,0,metal52
metal251,0,0,1,0,0,0,metal251
metal47,0,0,1,0,0,0,metal47
metal292,0,0,1,0,0,0,metal292
metal175,0,0,1,0,0,0,metal175
metal295,0,0,1,0,0,0,metal295
metal130,0,0,1,0,0,0,metal130
metal114,0,0,1,0,0,0,metal114
metal140,0,0,1,0,0,0,metal140
metal192,0,0,1,0,0,0,metal192
metal243,0,0,1,0,0,0,metal243
metal327,0,0,1,0,0,0,metal327
metal373,0,0,1,0,0,0,metal373
metal56,0,0,1,0,0,0,metal56
metal319,0,0,1,0,0,0,metal319
metal249,0,0,1,0,0,0,metal249
metal187,0,0,1,0,0,0,metal187
metal366,0,0,1,0,0,0,metal366
metal357,0,0,1,0,0,0,metal357
metal333,0,0,1,0,0,0,metal333
metal280,0,0,1,0,0,0,metal280
metal304,0,0,1,0,0,0,metal304
metal35,0,0,1,0,0,0,metal35
metal285,0,0,1,0,0,0,metal285
metal101,0,0,1,0,0,0,metal101
metal134,0,0,1,0,0,0,metal134
metal274,0,0,1,0,0,0,metal274
metal382,0,0,1,0,0,0,metal382
metal339,0,0,1,0,0,0,metal339
metal261,0,0,1,0,0,0,metal261
metal109,0,0,1,0,0,0,metal109
metal45,0,0,1,0,0,0,metal45
metal202,0,0,1,0,0,0,metal202
metal308,0,0,1,0,0,0,metal308
metal189,0,0,1,0,0,0,metal189
metal128,0,0,1,0,0,0,metal128
metal240,0,0,1,0,0,0,metal240
metal72,0,0,1,0,0,0,metal72
metal322,0,0,1,0,0,0,metal322
metal31,0,0,1,0,0,0,metal31
metal305,0,0,1,0,0,0,metal305
metal190,0,0,1,0,0,0,metal190
metal55,0,0,1,0,0,0,metal55
metal323,0,0,1,0,0,0,metal323
metal129,0,0,1,0,0,0,metal129
metal254,0,0,1,0,0,0,metal254
metal82,0,0,1,0,0,0,metal82
metal228,0,0,1,0,0,0,metal228
metal105,0,0,1,0,0,0,metal105
metal181,0,0,1,0,0,0,metal181
metal391,0,0,1,0,0,0,metal391
metal43,0,0,1,0,0,0,metal43
metal34,0,0,1,0,0,0,metal34
metal16,0,0,1,0,0,0,metal16
metal403,0,0,1,0,0,0,metal403
metal213,0,0,1,0,0,0,metal213
metal206,0,0,1,0,0,0,metal206
metal352,0,0,1,0,0,0,metal352
metal369,0,0,1,0,0,0,metal369
metal184,0,0,1,0,0,0,metal184
metal209,0,0,1,0,0,0,metal209
metal73,0,0,1,0,0,0,metal73
metal218,0,0,1,0,0,0,metal218
metal160,0,0,1,0,0,0,metal160
metal321,0,0,1,0,0,0,metal321
metal103,0,0,1,0,0,0,metal103
metal216,0,0,1,0,0,0,metal216
metal98,0,0,1,0,0,0,metal98
metal353,0,0,1,0,0,0,metal353
metal205,0,0,1,0,0,0,metal205
metal393,0,0,1,0,0,0,metal393
metal265,0,0,1,0,0,0,metal265
metal241,0,0,1,0,0,0,metal241
metal201,0,0,1,0,0,0,metal201
metal5,0,0,1,0,0,0,metal5
metal256,0,0,1,0,0,0,metal256
metal158,0,0,1,0,0,0,metal158
metal291,0,0,1,0,0,0,metal291
metal408,0,0,1,0,0,0,metal408
metal277,0,0,1,0,0,0,metal277
metal212,0,0,1,0,0,0,metal212
metal238,0,0,1,0,0,0,metal238
metal335,0,0,1,0,0,0,metal335
metal186,0,0,1,0,0,0,metal186
metal313,0,0,1,0,0,0,metal313
metal244,0,0,1,0,0,0,metal244
metal405,0,0,1,0,0,0,metal405
metal124,0,0,1,0,0,0,metal124
metal8,0,0,1,0,0,0,metal8
metal111,0,0,1,0,0,0,metal111
metal132,0,0,1,0,0,0,metal132
metal360,0,0,1,0,0,0,metal360
metal195,0,0,1,0,0,0,metal195
metal359,0,0,1,0,0,0,metal359
metal248,0,0,1,0,0,0,metal248
metal320,0,0,1,0,0,0,metal320
metal113,0,0,1,0,0,0,metal113
metal80,0,0,1,0,0,0,metal80
metal309,0,0,1,0,0,0,metal309
metal331,0,0,1,0,0,0,metal331
metal125,0,0,1,0,0,0,metal125
metal298,0,0,1,0,0,0,metal298
metal83,0,0,1,0,0,0,metal83
metal96,0,0,1,0,0,0,metal96
metal315,0,0,1,0,0,0,metal315
metal28,0,0,1,0,0,0,metal28
metal11,0,0,1,0,0,0,metal11
metal133,0,0,1,0,0,0,metal133
metal7,0,0,1,0,0,0,metal7
metal306,0,0,1,0,0,0,metal306
metal152,0,0,1,0,0,0,metal152
metal50,0,0,1,0,0,0,metal50
metal143,0,0,1,0,0,0,metal143
metal15,0,0,1,0,0,0,metal15
metal282,0,0,1,0,0,0,metal282
metal58,0,0,1,0,0,0,metal58
metal242,0,0,1,0,0,0,metal242
metal272,0,0,1,0,0,0,metal272
metal344,0,0,1,0,0,0,metal344
metal203,0,0,1,0,0,0,metal203
metal302,0,0,1,0,0,0,metal302
metal236,0,0,1,0,0,0,metal236
metal396,0,0,1,0,0,0,metal396
metal93,0,0,1,0,0,0,metal93
metal307,0,0,1,0,0,0,metal307
metal108,0,0,1,0,0,0,metal108
trash20,0,0,0,0,0,1,trash20
trash9,0,0,0,0,0,1,trash9
trash105,0,0,0,0,0,1,trash105
trash19,0,0,0,0,0,1,trash19
trash71,0,0,0,0,0,1,trash71
trash127,0,0,0,0,0,1,trash127
trash49,0,0,0,0,0,1,trash49
trash55,0,0,0,0,0,1,trash55
trash51,0,0,0,0,0,1,trash51
trash11,0,0,0,0,0,1,trash11
trash2,0,0,0,0,0,1,trash2
trash16,0,0,0,0,0,1,trash16
trash42,0,0,0,0,0,1,trash42
trash124,0,0,0,0,0,1,trash124
trash25,0,0,0,0,0,1,trash25
trash136,0,0,0,0,0,1,trash136
trash99,0,0,0,0,0,1,trash99
trash72,0,0,0,0,0,1,trash72
trash125,0,0,0,0,0,1,trash125
trash28,0,0,0,0,0,1,trash28
trash93,0,0,0,0,0,1,trash93
trash130,0,0,0,0,0,1,trash130
trash17,0,0,0,0,0,1,trash17
trash133,0,0,0,0,0,1,trash133
trash135,0,0,0,0,0,1,trash135
trash67,0,0,0,0,0,1,trash67
trash30,0,0,0,0,0,1,trash30
trash69,0,0,0,0,0,1,trash69
trash70,0,0,0,0,0,1,trash70
trash98,0,0,0,0,0,1,trash98
trash44,0,0,0,0,0,1,trash44
trash87,0,0,0,0,0,1,trash87
trash104,0,0,0,0,0,1,trash104
trash12,0,0,0,0,0,1,trash12
trash23,0,0,0,0,0,1,trash23
trash64,0,0,0,0,0,1,trash64
trash46,0,0,0,0,0,1,trash46
trash32,0,0,0,0,0,1,trash32
trash112,0,0,0,0,0,1,trash112
trash85,0,0,0,0,0,1,trash85
trash117,0,0,0,0,0,1,trash117
trash113,0,0,0,0,0,1,trash113
trash37,0,0,0,0,0,1,trash37
trash57,0,0,0,0,0,1,trash57
trash24,0,0,0,0,0,1,trash24
trash48,0,0,0,0,0,1,trash48
trash122,0,0,0,0,0,1,trash122
trash92,0,0,0,0,0,1,trash92
trash29,0,0,0,0,0,1,trash29
trash43,0,0,0,0,0,1,trash43
trash81,0,0,0,0,0,1,trash81
trash31,0,0,0,0,0,1,trash31
trash33,0,0,0,0,0,1,trash33
trash45,0,0,0,0,0,1,trash45
trash123,0,0,0,0,0,1,trash123
trash80,0,0,0,0,0,1,trash80
trash108,0,0,0,0,0,1,trash108
trash40,0,0,0,0,0,1,trash40
trash76,0,0,0,0,0,1,trash76
trash84,0,0,0,0,0,1,trash84
trash79,0,0,0,0,0,1,trash79
trash61,0,0,0,0,0,1,trash61
trash52,0,0,0,0,0,1,trash52
trash65,0,0,0,0,0,1,trash65
trash56,0,0,0,0,0,1,trash56
trash83,0,0,0,0,0,1,trash83
trash131,0,0,0,0,0,1,trash131
trash21,0,0,0,0,0,1,trash21
trash107,0,0,0,0,0,1,trash107
trash121,0,0,0,0,0,1,trash121
trash66,0,0,0,0,0,1,trash66
trash111,0,0,0,0,0,1,trash111
trash134,0,0,0,0,0,1,trash134
trash22,0,0,0,0,0,1,trash22
trash106,0,0,0,0,0,1,trash106
trash100,0,0,0,0,0,1,trash100
trash6,0,0,0,0,0,1,trash6
trash91,0,0,0,0,0,1,trash91
trash78,0,0,0,0,0,1,trash78
trash62,0,0,0,0,0,1,trash62
trash120,0,0,0,0,0,1,trash120
trash63,0,0,0,0,0,1,trash63
trash114,0,0,0,0,0,1,trash114
trash75,0,0,0,0,0,1,trash75
trash27,0,0,0,0,0,1,trash27
trash60,0,0,0,0,0,1,trash60
trash8,0,0,0,0,0,1,trash8
trash97,0,0,0,0,0,1,trash97
trash54,0,0,0,0,0,1,trash54
trash34,0,0,0,0,0,1,trash34
trash101,0,0,0,0,0,1,trash101
trash5,0,0,0,0,0,1,trash5
trash73,0,0,0,0,0,1,trash73
trash115,0,0,0,0,0,1,trash115
trash95,0,0,0,0,0,1,trash95
trash77,0,0,0,0,0,1,trash77
trash26,0,0,0,0,0,1,trash26
trash86,0,0,0,0,0,1,trash86
trash118,0,0,0,0,0,1,trash118
trash90,0,0,0,0,0,1,trash90
trash41,0,0,0,0,0,1,trash41
trash35,0,0,0,0,0,1,trash35
trash137,0,0,0,0,0,1,trash137
trash39,0,0,0,0,0,1,trash39
trash14,0,0,0,0,0,1,trash14
trash50,0,0,0,0,0,1,trash50
trash109,0,0,0,0,0,1,trash109
trash126,0,0,0,0,0,1,trash126
trash7,0,0,0,0,0,1,trash7
trash74,0,0,0,0,0,1,trash74
trash110,0,0,0,0,0,1,trash110
trash103,0,0,0,0,0,1,trash103
trash10,0,0,0,0,0,1,trash10
trash68,0,0,0,0,0,1,trash68
trash47,0,0,0,0,0,1,trash47
trash18,0,0,0,0,0,1,trash18
trash88,0,0,0,0,0,1,trash88
trash82,0,0,0,0,0,1,trash82
trash53,0,0,0,0,0,1,trash53
trash59,0,0,0,0,0,1,trash59
trash132,0,0,0,0,0,1,trash132
trash4,0,0,0,0,0,1,trash4
trash102,0,0,0,0,0,1,trash102
trash128,0,0,0,0,0,1,trash128
trash38,0,0,0,0,0,1,trash38
trash1,0,0,0,0,0,1,trash1
trash15,0,0,0,0,0,1,trash15
trash119,0,0,0,0,0,1,trash119
trash13,0,0,0,0,0,1,trash13
trash116,0,0,0,0,0,1,trash116
trash36,0,0,0,0,0,1,trash36
trash58,0,0,0,0,0,1,trash58
trash129,0,0,0,0,0,1,trash129
trash96,0,0,0,0,0,1,trash96
trash89,0,0,0,0,0,1,trash89
trash3,0,0,0,0,0,1,trash3
trash94,0,0,0,0,0,1,trash94
glass362,0,1,0,0,0,0,glass362
glass71,0,1,0,0,0,0,glass71
glass70,0,1,0,0,0,0,glass70
glass500,0,1,0,0,0,0,glass500
glass48,0,1,0,0,0,0,glass48
glass293,0,1,0,0,0,0,glass293
glass156,0,1,0,0,0,0,glass156
glass137,0,1,0,0,0,0,glass137
glass74,0,1,0,0,0,0,glass74
glass301,0,1,0,0,0,0,glass301
glass471,0,1,0,0,0,0,glass471
glass203,0,1,0,0,0,0,glass203
glass277,0,1,0,0,0,0,glass277
glass448,0,1,0,0,0,0,glass448
glass192,0,1,0,0,0,0,glass192
glass421,0,1,0,0,0,0,glass421
glass189,0,1,0,0,0,0,glass189
glass259,0,1,0,0,0,0,glass259
glass257,0,1,0,0,0,0,glass257
glass373,0,1,0,0,0,0,glass373
glass172,0,1,0,0,0,0,glass172
glass439,0,1,0,0,0,0,glass439
glass393,0,1,0,0,0,0,glass393
glass245,0,1,0,0,0,0,glass245
glass153,0,1,0,0,0,0,glass153
glass7,0,1,0,0,0,0,glass7
glass240,0,1,0,0,0,0,glass240
glass209,0,1,0,0,0,0,glass209
glass27,0,1,0,0,0,0,glass27
glass398,0,1,0,0,0,0,glass398
glass68,0,1,0,0,0,0,glass68
glass484,0,1,0,0,0,0,glass484
glass299,0,1,0,0,0,0,glass299
glass490,0,1,0,0,0,0,glass490
glass33,0,1,0,0,0,0,glass33
glass365,0,1,0,0,0,0,glass365
glass227,0,1,0,0,0,0,glass227
glass167,0,1,0,0,0,0,glass167
glass65,0,1,0,0,0,0,glass65
glass308,0,1,0,0,0,0,glass308
glass353,0,1,0,0,0,0,glass353
glass204,0,1,0,0,0,0,glass204
glass350,0,1,0,0,0,0,glass350
glass13,0,1,0,0,0,0,glass13
glass121,0,1,0,0,0,0,glass121
glass265,0,1,0,0,0,0,glass265
glass187,0,1,0,0,0,0,glass187
glass482,0,1,0,0,0,0,glass482
glass25,0,1,0,0,0,0,glass25
glass115,0,1,0,0,0,0,glass115
glass323,0,1,0,0,0,0,glass323
glass229,0,1,0,0,0,0,glass229
glass309,0,1,0,0,0,0,glass309
glass290,0,1,0,0,0,0,glass290
glass475,0,1,0,0,0,0,glass475
glass423,0,1,0,0,0,0,glass423
glass104,0,1,0,0,0,0,glass104
glass445,0,1,0,0,0,0,glass445
glass436,0,1,0,0,0,0,glass436
glass263,0,1,0,0,0,0,glass263
glass358,0,1,0,0,0,0,glass358
glass340,0,1,0,0,0,0,glass340
glass395,0,1,0,0,0,0,glass395
glass396,0,1,0,0,0,0,glass396
glass202,0,1,0,0,0,0,glass202
glass175,0,1,0,0,0,0,glass175
glass222,0,1,0,0,0,0,glass222
glass8,0,1,0,0,0,0,glass8
glass443,0,1,0,0,0,0,glass443
glass434,0,1,0,0,0,0,glass434
glass179,0,1,0,0,0,0,glass179
glass390,0,1,0,0,0,0,glass390
glass109,0,1,0,0,0,0,glass109
glass377,0,1,0,0,0,0,glass377
glass228,0,1,0,0,0,0,glass228
glass391,0,1,0,0,0,0,glass391
glass332,0,1,0,0,0,0,glass332
glass402,0,1,0,0,0,0,glass402
glass116,0,1,0,0,0,0,glass116
glass133,0,1,0,0,0,0,glass133
glass220,0,1,0,0,0,0,glass220
glass49,0,1,0,0,0,0,glass49
glass331,0,1,0,0,0,0,glass331
glass40,0,1,0,0,0,0,glass40
glass210,0,1,0,0,0,0,glass210
glass486,0,1,0,0,0,0,glass486
glass329,0,1,0,0,0,0,glass329
glass371,0,1,0,0,0,0,glass371
glass356,0,1,0,0,0,0,glass356
glass106,0,1,0,0,0,0,glass106
glass159,0,1,0,0,0,0,glass159
glass249,0,1,0,0,0,0,glass249
glass294,0,1,0,0,0,0,glass294
glass87,0,1,0,0,0,0,glass87
glass211,0,1,0,0,0,0,glass211
glass5,0,1,0,0,0,0,glass5
glass250,0,1,0,0,0,0,glass250
glass447,0,1,0,0,0,0,glass447
glass406,0,1,0,0,0,0,glass406
glass95,0,1,0,0,0,0,glass95
glass349,0,1,0,0,0,0,glass349
glass20,0,1,0,0,0,0,glass20
glass24,0,1,0,0,0,0,glass24
glass234,0,1,0,0,0,0,glass234
glass176,0,1,0,0,0,0,glass176
glass10,0,1,0,0,0,0,glass10
glass497,0,1,0,0,0,0,glass497
glass9,0,1,0,0,0,0,glass9
glass19,0,1,0,0,0,0,glass19
glass197,0,1,0,0,0,0,glass197
glass162,0,1,0,0,0,0,glass162
glass258,0,1,0,0,0,0,glass258
glass480,0,1,0,0,0,0,glass480
glass376,0,1,0,0,0,0,glass376
glass417,0,1,0,0,0,0,glass417
glass62,0,1,0,0,0,0,glass62
glass205,0,1,0,0,0,0,glass205
glass464,0,1,0,0,0,0,glass464
glass56,0,1,0,0,0,0,glass56
glass283,0,1,0,0,0,0,glass283
glass366,0,1,0,0,0,0,glass366
glass131,0,1,0,0,0,0,glass131
glass93,0,1,0,0,0,0,glass93
glass44,0,1,0,0,0,0,glass44
glass304,0,1,0,0,0,0,glass304
glass499,0,1,0,0,0,0,glass499
glass47,0,1,0,0,0,0,glass47
glass389,0,1,0,0,0,0,glass389
glass411,0,1,0,0,0,0,glass411
glass163,0,1,0,0,0,0,glass163
glass154,0,1,0,0,0,0,glass154
glass243,0,1,0,0,0,0,glass243
glass288,0,1,0,0,0,0,glass288
glass127,0,1,0,0,0,0,glass127
glass145,0,1,0,0,0,0,glass145
glass479,0,1,0,0,0,0,glass479
glass397,0,1,0,0,0,0,glass397
glass207,0,1,0,0,0,0,glass207
glass181,0,1,0,0,0,0,glass181
glass433,0,1,0,0,0,0,glass433
glass168,0,1,0,0,0,0,glass168
glass11,0,1,0,0,0,0,glass11
glass31,0,1,0,0,0,0,glass31
glass160,0,1,0,0,0,0,glass160
glass284,0,1,0,0,0,0,glass284
glass348,0,1,0,0,0,0,glass348
glass180,0,1,0,0,0,0,glass180
glass401,0,1,0,0,0,0,glass401
glass90,0,1,0,0,0,0,glass90
glass158,0,1,0,0,0,0,glass158
glass472,0,1,0,0,0,0,glass472
glass394,0,1,0,0,0,0,glass394
glass387,0,1,0,0,0,0,glass387
glass232,0,1,0,0,0,0,glass232
glass186,0,1,0,0,0,0,glass186
glass271,0,1,0,0,0,0,glass271
glass21,0,1,0,0,0,0,glass21
glass58,0,1,0,0,0,0,glass58
glass374,0,1,0,0,0,0,glass374
glass429,0,1,0,0,0,0,glass429
glass318,0,1,0,0,0,0,glass318
glass69,0,1,0,0,0,0,glass69
glass66,0,1,0,0,0,0,glass66
glass474,0,1,0,0,0,0,glass474
glass225,0,1,0,0,0,0,glass225
glass32,0,1,0,0,0,0,glass32
glass122,0,1,0,0,0,0,glass122
glass278,0,1,0,0,0,0,glass278
glass364,0,1,0,0,0,0,glass364
glass171,0,1,0,0,0,0,glass171
glass201,0,1,0,0,0,0,glass201
glass360,0,1,0,0,0,0,glass360
glass383,0,1,0,0,0,0,glass383
glass221,0,1,0,0,0,0,glass221
glass130,0,1,0,0,0,0,glass130
glass313,0,1,0,0,0,0,glass313
glass307,0,1,0,0,0,0,glass307
glass85,0,1,0,0,0,0,glass85
glass267,0,1,0,0,0,0,glass267
glass72,0,1,0,0,0,0,glass72
glass126,0,1,0,0,0,0,glass126
glass419,0,1,0,0,0,0,glass419
glass34,0,1,0,0,0,0,glass34
glass342,0,1,0,0,0,0,glass342
glass97,0,1,0,0,0,0,glass97
glass223,0,1,0,0,0,0,glass223
glass266,0,1,0,0,0,0,glass266
glass182,0,1,0,0,0,0,glass182
glass215,0,1,0,0,0,0,glass215
glass292,0,1,0,0,0,0,glass292
glass252,0,1,0,0,0,0,glass252
glass338,0,1,0,0,0,0,glass338
glass253,0,1,0,0,0,0,glass253
glass481,0,1,0,0,0,0,glass481
glass382,0,1,0,0,0,0,glass382
glass114,0,1,0,0,0,0,glass114
glass54,0,1,0,0,0,0,glass54
glass437,0,1,0,0,0,0,glass437
glass478,0,1,0,0,0,0,glass478
glass269,0,1,0,0,0,0,glass269
glass84,0,1,0,0,0,0,glass84
glass112,0,1,0,0,0,0,glass112
glass91,0,1,0,0,0,0,glass91
glass46,0,1,0,0,0,0,glass46
glass260,0,1,0,0,0,0,glass260
glass132,0,1,0,0,0,0,glass132
glass103,0,1,0,0,0,0,glass103
glass28,0,1,0,0,0,0,glass28
glass334,0,1,0,0,0,0,glass334
glass282,0,1,0,0,0,0,glass282
glass81,0,1,0,0,0,0,glass81
glass333,0,1,0,0,0,0,glass333
glass2,0,1,0,0,0,0,glass2
glass37,0,1,0,0,0,0,glass37
glass425,0,1,0,0,0,0,glass425
glass473,0,1,0,0,0,0,glass473
glass4,0,1,0,0,0,0,glass4
glass281,0,1,0,0,0,0,glass281
glass399,0,1,0,0,0,0,glass399
glass452,0,1,0,0,0,0,glass452
glass410,0,1,0,0,0,0,glass410
glass455,0,1,0,0,0,0,glass455
glass101,0,1,0,0,0,0,glass101
glass157,0,1,0,0,0,0,glass157
glass184,0,1,0,0,0,0,glass184
glass242,0,1,0,0,0,0,glass242
glass59,0,1,0,0,0,0,glass59
glass166,0,1,0,0,0,0,glass166
glass285,0,1,0,0,0,0,glass285
glass198,0,1,0,0,0,0,glass198
glass178,0,1,0,0,0,0,glass178
glass233,0,1,0,0,0,0,glass233
glass413,0,1,0,0,0,0,glass413
glass140,0,1,0,0,0,0,glass140
glass53,0,1,0,0,0,0,glass53
glass380,0,1,0,0,0,0,glass380
glass295,0,1,0,0,0,0,glass295
glass346,0,1,0,0,0,0,glass346
glass404,0,1,0,0,0,0,glass404
glass139,0,1,0,0,0,0,glass139
glass251,0,1,0,0,0,0,glass251
glass492,0,1,0,0,0,0,glass492
glass420,0,1,0,0,0,0,glass420
glass264,0,1,0,0,0,0,glass264
glass462,0,1,0,0,0,0,glass462
glass370,0,1,0,0,0,0,glass370
glass372,0,1,0,0,0,0,glass372
glass247,0,1,0,0,0,0,glass247
glass450,0,1,0,0,0,0,glass450
glass61,0,1,0,0,0,0,glass61
glass60,0,1,0,0,0,0,glass60
glass113,0,1,0,0,0,0,glass113
glass1,0,1,0,0,0,0,glass1
glass322,0,1,0,0,0,0,glass322
glass128,0,1,0,0,0,0,glass128
glass226,0,1,0,0,0,0,glass226
glass441,0,1,0,0,0,0,glass441
glass325,0,1,0,0,0,0,glass325
glass493,0,1,0,0,0,0,glass493
glass173,0,1,0,0,0,0,glass173
glass42,0,1,0,0,0,0,glass42
glass501,0,1,0,0,0,0,glass501
glass185,0,1,0,0,0,0,glass185
glass438,0,1,0,0,0,0,glass438
glass195,0,1,0,0,0,0,glass195
glass254,0,1,0,0,0,0,glass254
glass431,0,1,0,0,0,0,glass431
glass379,0,1,0,0,0,0,glass379
glass77,0,1,0,0,0,0,glass77
glass302,0,1,0,0,0,0,glass302
glass148,0,1,0,0,0,0,glass148
glass125,0,1,0,0,0,0,glass125
glass235,0,1,0,0,0,0,glass235
glass465,0,1,0,0,0,0,glass465
glass440,0,1,0,0,0,0,glass440
glass161,0,1,0,0,0,0,glass161
glass230,0,1,0,0,0,0,glass230
glass23,0,1,0,0,0,0,glass23
glass99,0,1,0,0,0,0,glass99
glass108,0,1,0,0,0,0,glass108
glass453,0,1,0,0,0,0,glass453
glass118,0,1,0,0,0,0,glass118
glass427,0,1,0,0,0,0,glass427
glass489,0,1,0,0,0,0,glass489
glass92,0,1,0,0,0,0,glass92
glass174,0,1,0,0,0,0,glass174
glass316,0,1,0,0,0,0,glass316
glass64,0,1,0,0,0,0,glass64
glass199,0,1,0,0,0,0,glass199
glass495,0,1,0,0,0,0,glass495
glass344,0,1,0,0,0,0,glass344
glass18,0,1,0,0,0,0,glass18
glass212,0,1,0,0,0,0,glass212
glass55,0,1,0,0,0,0,glass55
glass381,0,1,0,0,0,0,glass381
glass270,0,1,0,0,0,0,glass270
glass248,0,1,0,0,0,0,glass248
glass73,0,1,0,0,0,0,glass73
glass359,0,1,0,0,0,0,glass359
glass15,0,1,0,0,0,0,glass15
glass110,0,1,0,0,0,0,glass110
glass276,0,1,0,0,0,0,glass276
glass142,0,1,0,0,0,0,glass142
glass466,0,1,0,0,0,0,glass466
glass345,0,1,0,0,0,0,glass345
glass468,0,1,0,0,0,0,glass468
glass343,0,1,0,0,0,0,glass343
glass428,0,1,0,0,0,0,glass428
glass100,0,1,0,0,0,0,glass100
glass43,0,1,0,0,0,0,glass43
glass291,0,1,0,0,0,0,glass291
glass409,0,1,0,0,0,0,glass409
glass150,0,1,0,0,0,0,glass150
glass315,0,1,0,0,0,0,glass315
glass170,0,1,0,0,0,0,glass170
glass403,0,1,0,0,0,0,glass403
glass80,0,1,0,0,0,0,glass80
glass29,0,1,0,0,0,0,glass29
glass244,0,1,0,0,0,0,glass244
glass76,0,1,0,0,0,0,glass76
glass289,0,1,0,0,0,0,glass289
glass424,0,1,0,0,0,0,glass424
glass384,0,1,0,0,0,0,glass384
glass432,0,1,0,0,0,0,glass432
glass138,0,1,0,0,0,0,glass138
glass83,0,1,0,0,0,0,glass83
glass422,0,1,0,0,0,0,glass422
glass117,0,1,0,0,0,0,glass117
glass216,0,1,0,0,0,0,glass216
glass169,0,1,0,0,0,0,glass169
glass320,0,1,0,0,0,0,glass320
glass165,0,1,0,0,0,0,glass165
glass135,0,1,0,0,0,0,glass135
glass206,0,1,0,0,0,0,glass206
glass82,0,1,0,0,0,0,glass82
glass454,0,1,0,0,0,0,glass454
glass262,0,1,0,0,0,0,glass262
glass368,0,1,0,0,0,0,glass368
glass3,0,1,0,0,0,0,glass3
glass476,0,1,0,0,0,0,glass476
glass300,0,1,0,0,0,0,glass300
glass67,0,1,0,0,0,0,glass67
glass22,0,1,0,0,0,0,glass22
glass14,0,1,0,0,0,0,glass14
glass456,0,1,0,0,0,0,glass456
glass50,0,1,0,0,0,0,glass50
glass218,0,1,0,0,0,0,glass218
glass324,0,1,0,0,0,0,glass324
glass238,0,1,0,0,0,0,glass238
glass94,0,1,0,0,0,0,glass94
glass367,0,1,0,0,0,0,glass367
glass105,0,1,0,0,0,0,glass105
glass470,0,1,0,0,0,0,glass470
glass430,0,1,0,0,0,0,glass430
glass488,0,1,0,0,0,0,glass488
glass102,0,1,0,0,0,0,glass102
glass458,0,1,0,0,0,0,glass458
glass337,0,1,0,0,0,0,glass337
glass88,0,1,0,0,0,0,glass88
glass498,0,1,0,0,0,0,glass498
glass405,0,1,0,0,0,0,glass405
glass305,0,1,0,0,0,0,glass305
glass12,0,1,0,0,0,0,glass12
glass144,0,1,0,0,0,0,glass144
glass400,0,1,0,0,0,0,glass400
glass298,0,1,0,0,0,0,glass298
glass336,0,1,0,0,0,0,glass336
glass388,0,1,0,0,0,0,glass388
glass149,0,1,0,0,0,0,glass149
glass477,0,1,0,0,0,0,glass477
glass363,0,1,0,0,0,0,glass363
glass261,0,1,0,0,0,0,glass261
glass328,0,1,0,0,0,0,glass328
glass385,0,1,0,0,0,0,glass385
glass375,0,1,0,0,0,0,glass375
glass119,0,1,0,0,0,0,glass119
glass237,0,1,0,0,0,0,glass237
glass16,0,1,0,0,0,0,glass16
glass256,0,1,0,0,0,0,glass256
glass194,0,1,0,0,0,0,glass194
glass35,0,1,0,0,0,0,glass35
glass134,0,1,0,0,0,0,glass134
glass361,0,1,0,0,0,0,glass361
glass312,0,1,0,0,0,0,glass312
glass459,0,1,0,0,0,0,glass459
glass200,0,1,0,0,0,0,glass200
glass444,0,1,0,0,0,0,glass444
glass487,0,1,0,0,0,0,glass487
glass123,0,1,0,0,0,0,glass123
glass279,0,1,0,0,0,0,glass279
glass239,0,1,0,0,0,0,glass239
glass449,0,1,0,0,0,0,glass449
glass268,0,1,0,0,0,0,glass268
glass78,0,1,0,0,0,0,glass78
glass317,0,1,0,0,0,0,glass317
glass369,0,1,0,0,0,0,glass369
glass273,0,1,0,0,0,0,glass273
glass193,0,1,0,0,0,0,glass193
glass86,0,1,0,0,0,0,glass86
glass451,0,1,0,0,0,0,glass451
glass143,0,1,0,0,0,0,glass143
glass435,0,1,0,0,0,0,glass435
glass107,0,1,0,0,0,0,glass107
glass219,0,1,0,0,0,0,glass219
glass124,0,1,0,0,0,0,glass124
glass17,0,1,0,0,0,0,glass17
glass287,0,1,0,0,0,0,glass287
glass111,0,1,0,0,0,0,glass111
glass217,0,1,0,0,0,0,glass217
glass39,0,1,0,0,0,0,glass39
glass326,0,1,0,0,0,0,glass326
glass30,0,1,0,0,0,0,glass30
glass224,0,1,0,0,0,0,glass224
glass341,0,1,0,0,0,0,glass341
glass151,0,1,0,0,0,0,glass151
glass45,0,1,0,0,0,0,glass45
glass89,0,1,0,0,0,0,glass89
glass460,0,1,0,0,0,0,glass460
glass392,0,1,0,0,0,0,glass392
glass177,0,1,0,0,0,0,glass177
glass355,0,1,0,0,0,0,glass355
glass354,0,1,0,0,0,0,glass354
glass314,0,1,0,0,0,0,glass314
glass286,0,1,0,0,0,0,glass286
glass461,0,1,0,0,0,0,glass461
glass491,0,1,0,0,0,0,glass491
glass190,0,1,0,0,0,0,glass190
glass407,0,1,0,0,0,0,glass407
glass191,0,1,0,0,0,0,glass191
glass183,0,1,0,0,0,0,glass183
glass416,0,1,0,0,0,0,glass416
glass208,0,1,0,0,0,0,glass208
glass52,0,1,0,0,0,0,glass52
glass321,0,1,0,0,0,0,glass321
glass494,0,1,0,0,0,0,glass494
glass213,0,1,0,0,0,0,glass213
glass96,0,1,0,0,0,0,glass96
glass51,0,1,0,0,0,0,glass51
glass6,0,1,0,0,0,0,glass6
glass485,0,1,0,0,0,0,glass485
glass467,0,1,0,0,0,0,glass467
glass408,0,1,0,0,0,0,glass408
glass120,0,1,0,0,0,0,glass120
glass339,0,1,0,0,0,0,glass339
glass296,0,1,0,0,0,0,glass296
glass415,0,1,0,0,0,0,glass415
glass412,0,1,0,0,0,0,glass412
glass311,0,1,0,0,0,0,glass311
glass280,0,1,0,0,0,0,glass280
glass352,0,1,0,0,0,0,glass352
glass41,0,1,0,0,0,0,glass41
glass357,0,1,0,0,0,0,glass357
glass327,0,1,0,0,0,0,glass327
glass196,0,1,0,0,0,0,glass196
glass236,0,1,0,0,0,0,glass236
glass164,0,1,0,0,0,0,glass164
glass414,0,1,0,0,0,0,glass414
glass57,0,1,0,0,0,0,glass57
glass241,0,1,0,0,0,0,glass241
glass36,0,1,0,0,0,0,glass36
glass98,0,1,0,0,0,0,glass98
glass275,0,1,0,0,0,0,glass275
glass335,0,1,0,0,0,0,glass335
glass231,0,1,0,0,0,0,glass231
glass38,0,1,0,0,0,0,glass38
glass246,0,1,0,0,0,0,glass246
glass418,0,1,0,0,0,0,glass418
glass79,0,1,0,0,0,0,glass79
glass147,0,1,0,0,0,0,glass147
glass129,0,1,0,0,0,0,glass129
glass306,0,1,0,0,0,0,glass306
glass483,0,1,0,0,0,0,glass483
glass141,0,1,0,0,0,0,glass141
glass152,0,1,0,0,0,0,glass152
glass214,0,1,0,0,0,0,glass214
glass469,0,1,0,0,0,0,glass469
glass188,0,1,0,0,0,0,glass188
glass272,0,1,0,0,0,0,glass272
glass347,0,1,0,0,0,0,glass347
glass303,0,1,0,0,0,0,glass303
glass496,0,1,0,0,0,0,glass496
glass330,0,1,0,0,0,0,glass330
glass426,0,1,0,0,0,0,glass426
glass155,0,1,0,0,0,0,glass155
glass26,0,1,0,0,0,0,glass26
glass136,0,1,0,0,0,0,glass136
glass446,0,1,0,0,0,0,glass446
glass310,0,1,0,0,0,0,glass310
glass378,0,1,0,0,0,0,glass378
glass75,0,1,0,0,0,0,glass75
glass442,0,1,0,0,0,0,glass442
glass319,0,1,0,0,0,0,glass319
glass274,0,1,0,0,0,0,glass274
glass386,0,1,0,0,0,0,glass386
glass457,0,1,0,0,0,0,glass457
glass146,0,1,0,0,0,0,glass146
glass63,0,1,0,0,0,0,glass63
glass297,0,1,0,0,0,0,glass297
glass255,0,1,0,0,0,0,glass255
glass351,0,1,0,0,0,0,glass351
glass463,0,1,0,0,0,0,glass463
