,cardboard,glass,metal,paper,plastic,trash
paper85,0,0,0,1,0,0
paper503,0,0,0,1,0,0
paper75,0,0,0,1,0,0
paper482,0,0,0,1,0,0
paper300,0,0,0,1,0,0
paper379,0,0,0,1,0,0
paper331,0,0,0,1,0,0
paper271,0,0,0,1,0,0
paper236,0,0,0,1,0,0
paper423,0,0,0,1,0,0
paper275,0,0,0,1,0,0
paper45,0,0,0,1,0,0
paper444,0,0,0,1,0,0
paper556,0,0,0,1,0,0
paper212,0,0,0,1,0,0
paper136,0,0,0,1,0,0
paper22,0,0,0,1,0,0
paper442,0,0,0,1,0,0
paper168,0,0,0,1,0,0
paper409,0,0,0,1,0,0
paper184,0,0,0,1,0,0
paper209,0,0,0,1,0,0
paper515,0,0,0,1,0,0
paper274,0,0,0,1,0,0
paper324,0,0,0,1,0,0
paper162,0,0,0,1,0,0
paper58,0,0,0,1,0,0
paper319,0,0,0,1,0,0
paper95,0,0,0,1,0,0
paper448,0,0,0,1,0,0
paper127,0,0,0,1,0,0
paper219,0,0,0,1,0,0
paper568,0,0,0,1,0,0
paper463,0,0,0,1,0,0
paper437,0,0,0,1,0,0
paper570,0,0,0,1,0,0
paper215,0,0,0,1,0,0
paper237,0,0,0,1,0,0
paper455,0,0,0,1,0,0
paper276,0,0,0,1,0,0
paper348,0,0,0,1,0,0
paper429,0,0,0,1,0,0
paper549,0,0,0,1,0,0
paper450,0,0,0,1,0,0
paper302,0,0,0,1,0,0
paper79,0,0,0,1,0,0
paper579,0,0,0,1,0,0
paper551,0,0,0,1,0,0
paper562,0,0,0,1,0,0
paper11,0,0,0,1,0,0
paper88,0,0,0,1,0,0
paper9,0,0,0,1,0,0
paper383,0,0,0,1,0,0
paper207,0,0,0,1,0,0
paper40,0,0,0,1,0,0
paper321,0,0,0,1,0,0
paper195,0,0,0,1,0,0
paper305,0,0,0,1,0,0
paper543,0,0,0,1,0,0
paper447,0,0,0,1,0,0
paper365,0,0,0,1,0,0
paper351,0,0,0,1,0,0
paper285,0,0,0,1,0,0
paper137,0,0,0,1,0,0
paper199,0,0,0,1,0,0
paper110,0,0,0,1,0,0
paper461,0,0,0,1,0,0
paper392,0,0,0,1,0,0
paper202,0,0,0,1,0,0
paper452,0,0,0,1,0,0
paper16,0,0,0,1,0,0
paper394,0,0,0,1,0,0
paper375,0,0,0,1,0,0
paper157,0,0,0,1,0,0
paper229,0,0,0,1,0,0
paper472,0,0,0,1,0,0
paper36,0,0,0,1,0,0
paper210,0,0,0,1,0,0
paper181,0,0,0,1,0,0
paper214,0,0,0,1,0,0
paper77,0,0,0,1,0,0
paper304,0,0,0,1,0,0
paper248,0,0,0,1,0,0
paper541,0,0,0,1,0,0
paper29,0,0,0,1,0,0
paper47,0,0,0,1,0,0
paper178,0,0,0,1,0,0
paper180,0,0,0,1,0,0
paper421,0,0,0,1,0,0
paper86,0,0,0,1,0,0
paper362,0,0,0,1,0,0
paper143,0,0,0,1,0,0
paper23,0,0,0,1,0,0
paper390,0,0,0,1,0,0
paper434,0,0,0,1,0,0
paper282,0,0,0,1,0,0
paper583,0,0,0,1,0,0
paper470,0,0,0,1,0,0
paper190,0,0,0,1,0,0
paper289,0,0,0,1,0,0
paper250,0,0,0,1,0,0
paper49,0,0,0,1,0,0
paper494,0,0,0,1,0,0
paper10,0,0,0,1,0,0
paper588,0,0,0,1,0,0
paper464,0,0,0,1,0,0
paper71,0,0,0,1,0,0
paper328,0,0,0,1,0,0
paper81,0,0,0,1,0,0
paper100,0,0,0,1,0,0
paper488,0,0,0,1,0,0
paper460,0,0,0,1,0,0
paper441,0,0,0,1,0,0
paper424,0,0,0,1,0,0
paper24,0,0,0,1,0,0
paper534,0,0,0,1,0,0
paper480,0,0,0,1,0,0
paper65,0,0,0,1,0,0
paper459,0,0,0,1,0,0
paper197,0,0,0,1,0,0
paper326,0,0,0,1,0,0
paper539,0,0,0,1,0,0
paper134,0,0,0,1,0,0
paper53,0,0,0,1,0,0
paper223,0,0,0,1,0,0
paper283,0,0,0,1,0,0
paper313,0,0,0,1,0,0
paper120,0,0,0,1,0,0
paper357,0,0,0,1,0,0
paper320,0,0,0,1,0,0
paper369,0,0,0,1,0,0
paper287,0,0,0,1,0,0
paper189,0,0,0,1,0,0
paper173,0,0,0,1,0,0
paper578,0,0,0,1,0,0
paper101,0,0,0,1,0,0
paper263,0,0,0,1,0,0
paper396,0,0,0,1,0,0
paper507,0,0,0,1,0,0
paper385,0,0,0,1,0,0
paper334,0,0,0,1,0,0
paper185,0,0,0,1,0,0
paper27,0,0,0,1,0,0
paper254,0,0,0,1,0,0
paper218,0,0,0,1,0,0
paper435,0,0,0,1,0,0
paper404,0,0,0,1,0,0
paper446,0,0,0,1,0,0
paper335,0,0,0,1,0,0
paper186,0,0,0,1,0,0
paper68,0,0,0,1,0,0
paper475,0,0,0,1,0,0
paper371,0,0,0,1,0,0
paper286,0,0,0,1,0,0
paper140,0,0,0,1,0,0
paper133,0,0,0,1,0,0
paper582,0,0,0,1,0,0
paper135,0,0,0,1,0,0
paper500,0,0,0,1,0,0
paper367,0,0,0,1,0,0
paper60,0,0,0,1,0,0
paper309,0,0,0,1,0,0
paper533,0,0,0,1,0,0
paper528,0,0,0,1,0,0
paper544,0,0,0,1,0,0
paper457,0,0,0,1,0,0
paper253,0,0,0,1,0,0
paper389,0,0,0,1,0,0
paper580,0,0,0,1,0,0
paper114,0,0,0,1,0,0
paper174,0,0,0,1,0,0
paper538,0,0,0,1,0,0
paper502,0,0,0,1,0,0
paper425,0,0,0,1,0,0
paper82,0,0,0,1,0,0
paper280,0,0,0,1,0,0
paper183,0,0,0,1,0,0
paper21,0,0,0,1,0,0
paper291,0,0,0,1,0,0
paper581,0,0,0,1,0,0
paper318,0,0,0,1,0,0
paper103,0,0,0,1,0,0
paper201,0,0,0,1,0,0
paper546,0,0,0,1,0,0
paper386,0,0,0,1,0,0
paper498,0,0,0,1,0,0
paper301,0,0,0,1,0,0
paper415,0,0,0,1,0,0
paper406,0,0,0,1,0,0
paper125,0,0,0,1,0,0
paper33,0,0,0,1,0,0
paper572,0,0,0,1,0,0
paper462,0,0,0,1,0,0
paper20,0,0,0,1,0,0
paper138,0,0,0,1,0,0
paper501,0,0,0,1,0,0
paper436,0,0,0,1,0,0
paper19,0,0,0,1,0,0
paper349,0,0,0,1,0,0
paper288,0,0,0,1,0,0
paper594,0,0,0,1,0,0
paper529,0,0,0,1,0,0
paper54,0,0,0,1,0,0
paper547,0,0,0,1,0,0
paper591,0,0,0,1,0,0
paper567,0,0,0,1,0,0
paper145,0,0,0,1,0,0
paper297,0,0,0,1,0,0
paper584,0,0,0,1,0,0
paper171,0,0,0,1,0,0
paper5,0,0,0,1,0,0
paper550,0,0,0,1,0,0
paper374,0,0,0,1,0,0
paper522,0,0,0,1,0,0
paper521,0,0,0,1,0,0
paper152,0,0,0,1,0,0
paper57,0,0,0,1,0,0
paper14,0,0,0,1,0,0
paper397,0,0,0,1,0,0
paper378,0,0,0,1,0,0
paper408,0,0,0,1,0,0
paper142,0,0,0,1,0,0
paper130,0,0,0,1,0,0
paper268,0,0,0,1,0,0
paper96,0,0,0,1,0,0
paper530,0,0,0,1,0,0
paper564,0,0,0,1,0,0
paper358,0,0,0,1,0,0
paper241,0,0,0,1,0,0
paper513,0,0,0,1,0,0
paper587,0,0,0,1,0,0
paper440,0,0,0,1,0,0
paper589,0,0,0,1,0,0
paper427,0,0,0,1,0,0
paper4,0,0,0,1,0,0
paper490,0,0,0,1,0,0
paper593,0,0,0,1,0,0
paper26,0,0,0,1,0,0
paper338,0,0,0,1,0,0
paper267,0,0,0,1,0,0
paper317,0,0,0,1,0,0
paper524,0,0,0,1,0,0
paper355,0,0,0,1,0,0
paper31,0,0,0,1,0,0
paper1,0,0,0,1,0,0
paper520,0,0,0,1,0,0
paper169,0,0,0,1,0,0
paper560,0,0,0,1,0,0
paper165,0,0,0,1,0,0
paper61,0,0,0,1,0,0
paper294,0,0,0,1,0,0
paper453,0,0,0,1,0,0
paper413,0,0,0,1,0,0
paper32,0,0,0,1,0,0
paper559,0,0,0,1,0,0
paper163,0,0,0,1,0,0
paper44,0,0,0,1,0,0
paper89,0,0,0,1,0,0
paper532,0,0,0,1,0,0
paper368,0,0,0,1,0,0
paper265,0,0,0,1,0,0
paper535,0,0,0,1,0,0
paper571,0,0,0,1,0,0
paper590,0,0,0,1,0,0
paper249,0,0,0,1,0,0
paper123,0,0,0,1,0,0
paper332,0,0,0,1,0,0
paper176,0,0,0,1,0,0
paper478,0,0,0,1,0,0
paper329,0,0,0,1,0,0
paper97,0,0,0,1,0,0
paper139,0,0,0,1,0,0
paper508,0,0,0,1,0,0
paper484,0,0,0,1,0,0
paper347,0,0,0,1,0,0
paper108,0,0,0,1,0,0
paper431,0,0,0,1,0,0
paper187,0,0,0,1,0,0
paper99,0,0,0,1,0,0
paper154,0,0,0,1,0,0
paper277,0,0,0,1,0,0
paper206,0,0,0,1,0,0
paper407,0,0,0,1,0,0
paper211,0,0,0,1,0,0
paper117,0,0,0,1,0,0
paper364,0,0,0,1,0,0
paper569,0,0,0,1,0,0
paper312,0,0,0,1,0,0
paper485,0,0,0,1,0,0
paper454,0,0,0,1,0,0
paper403,0,0,0,1,0,0
paper129,0,0,0,1,0,0
paper373,0,0,0,1,0,0
paper323,0,0,0,1,0,0
paper414,0,0,0,1,0,0
paper91,0,0,0,1,0,0
paper208,0,0,0,1,0,0
paper74,0,0,0,1,0,0
paper316,0,0,0,1,0,0
paper175,0,0,0,1,0,0
paper198,0,0,0,1,0,0
paper552,0,0,0,1,0,0
paper399,0,0,0,1,0,0
paper410,0,0,0,1,0,0
paper179,0,0,0,1,0,0
paper78,0,0,0,1,0,0
paper119,0,0,0,1,0,0
paper592,0,0,0,1,0,0
paper144,0,0,0,1,0,0
paper307,0,0,0,1,0,0
paper518,0,0,0,1,0,0
paper196,0,0,0,1,0,0
paper233,0,0,0,1,0,0
paper151,0,0,0,1,0,0
paper296,0,0,0,1,0,0
paper191,0,0,0,1,0,0
paper469,0,0,0,1,0,0
paper272,0,0,0,1,0,0
paper398,0,0,0,1,0,0
paper72,0,0,0,1,0,0
paper39,0,0,0,1,0,0
paper228,0,0,0,1,0,0
paper566,0,0,0,1,0,0
paper382,0,0,0,1,0,0
paper295,0,0,0,1,0,0
paper273,0,0,0,1,0,0
paper66,0,0,0,1,0,0
paper356,0,0,0,1,0,0
paper42,0,0,0,1,0,0
paper361,0,0,0,1,0,0
paper261,0,0,0,1,0,0
paper489,0,0,0,1,0,0
paper222,0,0,0,1,0,0
paper432,0,0,0,1,0,0
paper193,0,0,0,1,0,0
paper337,0,0,0,1,0,0
paper468,0,0,0,1,0,0
paper292,0,0,0,1,0,0
paper260,0,0,0,1,0,0
paper352,0,0,0,1,0,0
paper411,0,0,0,1,0,0
paper416,0,0,0,1,0,0
paper330,0,0,0,1,0,0
paper497,0,0,0,1,0,0
paper401,0,0,0,1,0,0
paper384,0,0,0,1,0,0
paper232,0,0,0,1,0,0
paper493,0,0,0,1,0,0
paper473,0,0,0,1,0,0
paper445,0,0,0,1,0,0
paper2,0,0,0,1,0,0
paper264,0,0,0,1,0,0
paper172,0,0,0,1,0,0
paper200,0,0,0,1,0,0
paper109,0,0,0,1,0,0
paper235,0,0,0,1,0,0
paper506,0,0,0,1,0,0
paper122,0,0,0,1,0,0
paper170,0,0,0,1,0,0
paper107,0,0,0,1,0,0
paper381,0,0,0,1,0,0
paper439,0,0,0,1,0,0
paper279,0,0,0,1,0,0
paper495,0,0,0,1,0,0
paper256,0,0,0,1,0,0
paper278,0,0,0,1,0,0
paper147,0,0,0,1,0,0
paper412,0,0,0,1,0,0
paper537,0,0,0,1,0,0
paper548,0,0,0,1,0,0
paper345,0,0,0,1,0,0
paper557,0,0,0,1,0,0
paper341,0,0,0,1,0,0
paper350,0,0,0,1,0,0
paper227,0,0,0,1,0,0
paper344,0,0,0,1,0,0
paper155,0,0,0,1,0,0
paper354,0,0,0,1,0,0
paper481,0,0,0,1,0,0
paper64,0,0,0,1,0,0
paper225,0,0,0,1,0,0
paper188,0,0,0,1,0,0
paper269,0,0,0,1,0,0
paper159,0,0,0,1,0,0
paper12,0,0,0,1,0,0
paper420,0,0,0,1,0,0
paper451,0,0,0,1,0,0
paper106,0,0,0,1,0,0
paper150,0,0,0,1,0,0
paper244,0,0,0,1,0,0
paper153,0,0,0,1,0,0
paper465,0,0,0,1,0,0
paper306,0,0,0,1,0,0
paper87,0,0,0,1,0,0
paper380,0,0,0,1,0,0
paper258,0,0,0,1,0,0
paper115,0,0,0,1,0,0
paper315,0,0,0,1,0,0
paper540,0,0,0,1,0,0
paper70,0,0,0,1,0,0
paper46,0,0,0,1,0,0
paper519,0,0,0,1,0,0
paper270,0,0,0,1,0,0
paper15,0,0,0,1,0,0
paper433,0,0,0,1,0,0
paper526,0,0,0,1,0,0
paper336,0,0,0,1,0,0
paper38,0,0,0,1,0,0
paper105,0,0,0,1,0,0
paper164,0,0,0,1,0,0
paper322,0,0,0,1,0,0
paper290,0,0,0,1,0,0
paper525,0,0,0,1,0,0
paper148,0,0,0,1,0,0
paper92,0,0,0,1,0,0
paper303,0,0,0,1,0,0
paper13,0,0,0,1,0,0
paper111,0,0,0,1,0,0
paper161,0,0,0,1,0,0
paper284,0,0,0,1,0,0
paper63,0,0,0,1,0,0
paper417,0,0,0,1,0,0
paper141,0,0,0,1,0,0
paper542,0,0,0,1,0,0
paper94,0,0,0,1,0,0
paper531,0,0,0,1,0,0
paper73,0,0,0,1,0,0
paper299,0,0,0,1,0,0
paper443,0,0,0,1,0,0
paper262,0,0,0,1,0,0
paper25,0,0,0,1,0,0
paper545,0,0,0,1,0,0
paper52,0,0,0,1,0,0
paper56,0,0,0,1,0,0
paper428,0,0,0,1,0,0
paper308,0,0,0,1,0,0
paper516,0,0,0,1,0,0
paper523,0,0,0,1,0,0
paper59,0,0,0,1,0,0
paper418,0,0,0,1,0,0
paper400,0,0,0,1,0,0
paper422,0,0,0,1,0,0
paper231,0,0,0,1,0,0
paper51,0,0,0,1,0,0
paper419,0,0,0,1,0,0
paper55,0,0,0,1,0,0
paper363,0,0,0,1,0,0
paper118,0,0,0,1,0,0
paper102,0,0,0,1,0,0
paper146,0,0,0,1,0,0
paper575,0,0,0,1,0,0
paper69,0,0,0,1,0,0
paper204,0,0,0,1,0,0
paper511,0,0,0,1,0,0
paper405,0,0,0,1,0,0
paper479,0,0,0,1,0,0
paper126,0,0,0,1,0,0
paper28,0,0,0,1,0,0
paper93,0,0,0,1,0,0
paper247,0,0,0,1,0,0
paper259,0,0,0,1,0,0
paper577,0,0,0,1,0,0
paper327,0,0,0,1,0,0
paper239,0,0,0,1,0,0
paper217,0,0,0,1,0,0
paper242,0,0,0,1,0,0
paper343,0,0,0,1,0,0
paper483,0,0,0,1,0,0
paper245,0,0,0,1,0,0
paper131,0,0,0,1,0,0
paper156,0,0,0,1,0,0
paper393,0,0,0,1,0,0
paper340,0,0,0,1,0,0
paper6,0,0,0,1,0,0
paper34,0,0,0,1,0,0
paper449,0,0,0,1,0,0
paper62,0,0,0,1,0,0
paper7,0,0,0,1,0,0
paper314,0,0,0,1,0,0
paper238,0,0,0,1,0,0
paper35,0,0,0,1,0,0
paper203,0,0,0,1,0,0
paper18,0,0,0,1,0,0
paper372,0,0,0,1,0,0
paper509,0,0,0,1,0,0
paper158,0,0,0,1,0,0
paper90,0,0,0,1,0,0
paper496,0,0,0,1,0,0
paper240,0,0,0,1,0,0
paper536,0,0,0,1,0,0
paper558,0,0,0,1,0,0
paper246,0,0,0,1,0,0
paper474,0,0,0,1,0,0
paper504,0,0,0,1,0,0
paper342,0,0,0,1,0,0
paper360,0,0,0,1,0,0
paper565,0,0,0,1,0,0
paper574,0,0,0,1,0,0
paper505,0,0,0,1,0,0
paper391,0,0,0,1,0,0
paper194,0,0,0,1,0,0
paper576,0,0,0,1,0,0
paper224,0,0,0,1,0,0
paper3,0,0,0,1,0,0
paper216,0,0,0,1,0,0
paper325,0,0,0,1,0,0
paper310,0,0,0,1,0,0
paper257,0,0,0,1,0,0
paper266,0,0,0,1,0,0
paper554,0,0,0,1,0,0
paper132,0,0,0,1,0,0
paper112,0,0,0,1,0,0
paper83,0,0,0,1,0,0
paper311,0,0,0,1,0,0
paper8,0,0,0,1,0,0
paper221,0,0,0,1,0,0
paper476,0,0,0,1,0,0
paper230,0,0,0,1,0,0
paper113,0,0,0,1,0,0
paper366,0,0,0,1,0,0
paper149,0,0,0,1,0,0
paper458,0,0,0,1,0,0
paper116,0,0,0,1,0,0
paper252,0,0,0,1,0,0
paper251,0,0,0,1,0,0
paper563,0,0,0,1,0,0
paper67,0,0,0,1,0,0
paper387,0,0,0,1,0,0
paper499,0,0,0,1,0,0
paper487,0,0,0,1,0,0
paper586,0,0,0,1,0,0
paper376,0,0,0,1,0,0
paper477,0,0,0,1,0,0
paper84,0,0,0,1,0,0
paper48,0,0,0,1,0,0
paper467,0,0,0,1,0,0
paper573,0,0,0,1,0,0
paper512,0,0,0,1,0,0
paper50,0,0,0,1,0,0
paper293,0,0,0,1,0,0
paper243,0,0,0,1,0,0
paper395,0,0,0,1,0,0
paper30,0,0,0,1,0,0
paper80,0,0,0,1,0,0
paper585,0,0,0,1,0,0
paper492,0,0,0,1,0,0
paper438,0,0,0,1,0,0
paper353,0,0,0,1,0,0
paper456,0,0,0,1,0,0
paper359,0,0,0,1,0,0
paper124,0,0,0,1,0,0
paper166,0,0,0,1,0,0
paper561,0,0,0,1,0,0
paper160,0,0,0,1,0,0
paper555,0,0,0,1,0,0
paper430,0,0,0,1,0,0
paper255,0,0,0,1,0,0
paper167,0,0,0,1,0,0
paper426,0,0,0,1,0,0
paper514,0,0,0,1,0,0
paper213,0,0,0,1,0,0
paper177,0,0,0,1,0,0
paper298,0,0,0,1,0,0
paper121,0,0,0,1,0,0
paper486,0,0,0,1,0,0
paper104,0,0,0,1,0,0
paper370,0,0,0,1,0,0
paper517,0,0,0,1,0,0
paper220,0,0,0,1,0,0
paper333,0,0,0,1,0,0
paper553,0,0,0,1,0,0
paper41,0,0,0,1,0,0
paper37,0,0,0,1,0,0
paper128,0,0,0,1,0,0
paper281,0,0,0,1,0,0
paper205,0,0,0,1,0,0
paper339,0,0,0,1,0,0
paper388,0,0,0,1,0,0
paper234,0,0,0,1,0,0
paper76,0,0,0,1,0,0
paper466,0,0,0,1,0,0
paper182,0,0,0,1,0,0
paper377,0,0,0,1,0,0
paper402,0,0,0,1,0,0
paper43,0,0,0,1,0,0
paper346,0,0,0,1,0,0
paper226,0,0,0,1,0,0
paper192,0,0,0,1,0,0
paper17,0,0,0,1,0,0
paper510,0,0,0,1,0,0
paper98,0,0,0,1,0,0
paper491,0,0,0,1,0,0
paper471,0,0,0,1,0,0
paper527,0,0,0,1,0,0
cardboard95,1,0,0,0,0,0
cardboard397,1,0,0,0,0,0
cardboard32,1,0,0,0,0,0
cardboard118,1,0,0,0,0,0
cardboard387,1,0,0,0,0,0
cardboard150,1,0,0,0,0,0
cardboard161,1,0,0,0,0,0
cardboard322,1,0,0,0,0,0
cardboard120,1,0,0,0,0,0
cardboard24,1,0,0,0,0,0
cardboard217,1,0,0,0,0,0
cardboard281,1,0,0,0,0,0
cardboard188,1,0,0,0,0,0
cardboard303,1,0,0,0,0,0
cardboard220,1,0,0,0,0,0
cardboard128,1,0,0,0,0,0
cardboard373,1,0,0,0,0,0
cardboard64,1,0,0,0,0,0
cardboard315,1,0,0,0,0,0
cardboard78,1,0,0,0,0,0
cardboard48,1,0,0,0,0,0
cardboard268,1,0,0,0,0,0
cardboard377,1,0,0,0,0,0
cardboard358,1,0,0,0,0,0
cardboard256,1,0,0,0,0,0
cardboard243,1,0,0,0,0,0
cardboard306,1,0,0,0,0,0
cardboard49,1,0,0,0,0,0
cardboard99,1,0,0,0,0,0
cardboard27,1,0,0,0,0,0
cardboard286,1,0,0,0,0,0
cardboard277,1,0,0,0,0,0
cardboard229,1,0,0,0,0,0
cardboard97,1,0,0,0,0,0
cardboard157,1,0,0,0,0,0
cardboard263,1,0,0,0,0,0
cardboard226,1,0,0,0,0,0
cardboard324,1,0,0,0,0,0
cardboard317,1,0,0,0,0,0
cardboard301,1,0,0,0,0,0
cardboard103,1,0,0,0,0,0
cardboard162,1,0,0,0,0,0
cardboard191,1,0,0,0,0,0
cardboard285,1,0,0,0,0,0
cardboard319,1,0,0,0,0,0
cardboard104,1,0,0,0,0,0
cardboard341,1,0,0,0,0,0
cardboard14,1,0,0,0,0,0
cardboard311,1,0,0,0,0,0
cardboard259,1,0,0,0,0,0
cardboard353,1,0,0,0,0,0
cardboard30,1,0,0,0,0,0
cardboard351,1,0,0,0,0,0
cardboard363,1,0,0,0,0,0
cardboard100,1,0,0,0,0,0
cardboard205,1,0,0,0,0,0
cardboard136,1,0,0,0,0,0
cardboard265,1,0,0,0,0,0
cardboard108,1,0,0,0,0,0
cardboard58,1,0,0,0,0,0
cardboard72,1,0,0,0,0,0
cardboard232,1,0,0,0,0,0
cardboard87,1,0,0,0,0,0
cardboard320,1,0,0,0,0,0
cardboard288,1,0,0,0,0,0
cardboard325,1,0,0,0,0,0
cardboard248,1,0,0,0,0,0
cardboard41,1,0,0,0,0,0
cardboard359,1,0,0,0,0,0
cardboard376,1,0,0,0,0,0
cardboard76,1,0,0,0,0,0
cardboard47,1,0,0,0,0,0
cardboard241,1,0,0,0,0,0
cardboard308,1,0,0,0,0,0
cardboard293,1,0,0,0,0,0
cardboard140,1,0,0,0,0,0
cardboard50,1,0,0,0,0,0
cardboard63,1,0,0,0,0,0
cardboard156,1,0,0,0,0,0
cardboard166,1,0,0,0,0,0
cardboard374,1,0,0,0,0,0
cardboard45,1,0,0,0,0,0
cardboard346,1,0,0,0,0,0
cardboard152,1,0,0,0,0,0
cardboard91,1,0,0,0,0,0
cardboard127,1,0,0,0,0,0
cardboard180,1,0,0,0,0,0
cardboard179,1,0,0,0,0,0
cardboard312,1,0,0,0,0,0
cardboard290,1,0,0,0,0,0
cardboard218,1,0,0,0,0,0
cardboard122,1,0,0,0,0,0
cardboard309,1,0,0,0,0,0
cardboard65,1,0,0,0,0,0
cardboard239,1,0,0,0,0,0
cardboard2,1,0,0,0,0,0
cardboard349,1,0,0,0,0,0
cardboard105,1,0,0,0,0,0
cardboard169,1,0,0,0,0,0
cardboard115,1,0,0,0,0,0
cardboard133,1,0,0,0,0,0
cardboard187,1,0,0,0,0,0
cardboard401,1,0,0,0,0,0
cardboard69,1,0,0,0,0,0
cardboard375,1,0,0,0,0,0
cardboard10,1,0,0,0,0,0
cardboard208,1,0,0,0,0,0
cardboard328,1,0,0,0,0,0
cardboard60,1,0,0,0,0,0
cardboard143,1,0,0,0,0,0
cardboard402,1,0,0,0,0,0
cardboard93,1,0,0,0,0,0
cardboard39,1,0,0,0,0,0
cardboard361,1,0,0,0,0,0
cardboard114,1,0,0,0,0,0
cardboard270,1,0,0,0,0,0
cardboard273,1,0,0,0,0,0
cardboard44,1,0,0,0,0,0
cardboard18,1,0,0,0,0,0
cardboard102,1,0,0,0,0,0
cardboard109,1,0,0,0,0,0
cardboard314,1,0,0,0,0,0
cardboard181,1,0,0,0,0,0
cardboard20,1,0,0,0,0,0
cardboard46,1,0,0,0,0,0
cardboard200,1,0,0,0,0,0
cardboard254,1,0,0,0,0,0
cardboard215,1,0,0,0,0,0
cardboard326,1,0,0,0,0,0
cardboard382,1,0,0,0,0,0
cardboard56,1,0,0,0,0,0
cardboard67,1,0,0,0,0,0
cardboard66,1,0,0,0,0,0
cardboard338,1,0,0,0,0,0
cardboard245,1,0,0,0,0,0
cardboard390,1,0,0,0,0,0
cardboard305,1,0,0,0,0,0
cardboard366,1,0,0,0,0,0
cardboard207,1,0,0,0,0,0
cardboard339,1,0,0,0,0,0
cardboard146,1,0,0,0,0,0
cardboard82,1,0,0,0,0,0
cardboard370,1,0,0,0,0,0
cardboard164,1,0,0,0,0,0
cardboard193,1,0,0,0,0,0
cardboard222,1,0,0,0,0,0
cardboard246,1,0,0,0,0,0
cardboard34,1,0,0,0,0,0
cardboard4,1,0,0,0,0,0
cardboard203,1,0,0,0,0,0
cardboard175,1,0,0,0,0,0
cardboard186,1,0,0,0,0,0
cardboard131,1,0,0,0,0,0
cardboard316,1,0,0,0,0,0
cardboard354,1,0,0,0,0,0
cardboard142,1,0,0,0,0,0
cardboard365,1,0,0,0,0,0
cardboard130,1,0,0,0,0,0
cardboard219,1,0,0,0,0,0
cardboard107,1,0,0,0,0,0
cardboard160,1,0,0,0,0,0
cardboard242,1,0,0,0,0,0
cardboard291,1,0,0,0,0,0
cardboard385,1,0,0,0,0,0
cardboard352,1,0,0,0,0,0
cardboard106,1,0,0,0,0,0
cardboard53,1,0,0,0,0,0
cardboard340,1,0,0,0,0,0
cardboard199,1,0,0,0,0,0
cardboard227,1,0,0,0,0,0
cardboard52,1,0,0,0,0,0
cardboard344,1,0,0,0,0,0
cardboard42,1,0,0,0,0,0
cardboard33,1,0,0,0,0,0
cardboard379,1,0,0,0,0,0
cardboard80,1,0,0,0,0,0
cardboard381,1,0,0,0,0,0
cardboard119,1,0,0,0,0,0
cardboard280,1,0,0,0,0,0
cardboard174,1,0,0,0,0,0
cardboard212,1,0,0,0,0,0
cardboard8,1,0,0,0,0,0
cardboard92,1,0,0,0,0,0
cardboard176,1,0,0,0,0,0
cardboard94,1,0,0,0,0,0
cardboard11,1,0,0,0,0,0
cardboard287,1,0,0,0,0,0
cardboard310,1,0,0,0,0,0
cardboard23,1,0,0,0,0,0
cardboard367,1,0,0,0,0,0
cardboard334,1,0,0,0,0,0
cardboard17,1,0,0,0,0,0
cardboard182,1,0,0,0,0,0
cardboard37,1,0,0,0,0,0
cardboard257,1,0,0,0,0,0
cardboard31,1,0,0,0,0,0
cardboard168,1,0,0,0,0,0
cardboard289,1,0,0,0,0,0
cardboard253,1,0,0,0,0,0
cardboard331,1,0,0,0,0,0
cardboard216,1,0,0,0,0,0
cardboard327,1,0,0,0,0,0
cardboard81,1,0,0,0,0,0
cardboard393,1,0,0,0,0,0
cardboard264,1,0,0,0,0,0
cardboard86,1,0,0,0,0,0
cardboard134,1,0,0,0,0,0
cardboard343,1,0,0,0,0,0
cardboard388,1,0,0,0,0,0
cardboard396,1,0,0,0,0,0
cardboard350,1,0,0,0,0,0
cardboard362,1,0,0,0,0,0
cardboard96,1,0,0,0,0,0
cardboard135,1,0,0,0,0,0
cardboard116,1,0,0,0,0,0
cardboard271,1,0,0,0,0,0
cardboard40,1,0,0,0,0,0
cardboard22,1,0,0,0,0,0
cardboard233,1,0,0,0,0,0
cardboard151,1,0,0,0,0,0
cardboard398,1,0,0,0,0,0
cardboard183,1,0,0,0,0,0
cardboard247,1,0,0,0,0,0
cardboard348,1,0,0,0,0,0
cardboard126,1,0,0,0,0,0
cardboard141,1,0,0,0,0,0
cardboard83,1,0,0,0,0,0
cardboard159,1,0,0,0,0,0
cardboard292,1,0,0,0,0,0
cardboard21,1,0,0,0,0,0
cardboard371,1,0,0,0,0,0
cardboard223,1,0,0,0,0,0
cardboard307,1,0,0,0,0,0
cardboard335,1,0,0,0,0,0
cardboard5,1,0,0,0,0,0
cardboard79,1,0,0,0,0,0
cardboard55,1,0,0,0,0,0
cardboard276,1,0,0,0,0,0
cardboard147,1,0,0,0,0,0
cardboard190,1,0,0,0,0,0
cardboard386,1,0,0,0,0,0
cardboard296,1,0,0,0,0,0
cardboard38,1,0,0,0,0,0
cardboard167,1,0,0,0,0,0
cardboard392,1,0,0,0,0,0
cardboard313,1,0,0,0,0,0
cardboard68,1,0,0,0,0,0
cardboard279,1,0,0,0,0,0
cardboard110,1,0,0,0,0,0
cardboard298,1,0,0,0,0,0
cardboard51,1,0,0,0,0,0
cardboard214,1,0,0,0,0,0
cardboard198,1,0,0,0,0,0
cardboard178,1,0,0,0,0,0
cardboard251,1,0,0,0,0,0
cardboard129,1,0,0,0,0,0
cardboard269,1,0,0,0,0,0
cardboard342,1,0,0,0,0,0
cardboard192,1,0,0,0,0,0
cardboard202,1,0,0,0,0,0
cardboard123,1,0,0,0,0,0
cardboard211,1,0,0,0,0,0
cardboard278,1,0,0,0,0,0
cardboard138,1,0,0,0,0,0
cardboard73,1,0,0,0,0,0
cardboard284,1,0,0,0,0,0
cardboard177,1,0,0,0,0,0
cardboard172,1,0,0,0,0,0
cardboard357,1,0,0,0,0,0
cardboard90,1,0,0,0,0,0
cardboard70,1,0,0,0,0,0
cardboard282,1,0,0,0,0,0
cardboard13,1,0,0,0,0,0
cardboard189,1,0,0,0,0,0
cardboard171,1,0,0,0,0,0
cardboard77,1,0,0,0,0,0
cardboard355,1,0,0,0,0,0
cardboard235,1,0,0,0,0,0
cardboard237,1,0,0,0,0,0
cardboard61,1,0,0,0,0,0
cardboard197,1,0,0,0,0,0
cardboard111,1,0,0,0,0,0
cardboard117,1,0,0,0,0,0
cardboard304,1,0,0,0,0,0
cardboard225,1,0,0,0,0,0
cardboard165,1,0,0,0,0,0
cardboard329,1,0,0,0,0,0
cardboard274,1,0,0,0,0,0
cardboard144,1,0,0,0,0,0
cardboard262,1,0,0,0,0,0
cardboard318,1,0,0,0,0,0
cardboard85,1,0,0,0,0,0
cardboard337,1,0,0,0,0,0
cardboard154,1,0,0,0,0,0
cardboard302,1,0,0,0,0,0
cardboard75,1,0,0,0,0,0
cardboard231,1,0,0,0,0,0
cardboard258,1,0,0,0,0,0
cardboard369,1,0,0,0,0,0
cardboard29,1,0,0,0,0,0
cardboard372,1,0,0,0,0,0
cardboard121,1,0,0,0,0,0
cardboard294,1,0,0,0,0,0
cardboard125,1,0,0,0,0,0
cardboard260,1,0,0,0,0,0
cardboard209,1,0,0,0,0,0
cardboard244,1,0,0,0,0,0
cardboard299,1,0,0,0,0,0
cardboard98,1,0,0,0,0,0
cardboard380,1,0,0,0,0,0
cardboard378,1,0,0,0,0,0
cardboard234,1,0,0,0,0,0
cardboard101,1,0,0,0,0,0
cardboard213,1,0,0,0,0,0
cardboard196,1,0,0,0,0,0
cardboard356,1,0,0,0,0,0
cardboard148,1,0,0,0,0,0
cardboard228,1,0,0,0,0,0
cardboard255,1,0,0,0,0,0
cardboard84,1,0,0,0,0,0
cardboard394,1,0,0,0,0,0
cardboard336,1,0,0,0,0,0
cardboard149,1,0,0,0,0,0
cardboard275,1,0,0,0,0,0
cardboard113,1,0,0,0,0,0
cardboard155,1,0,0,0,0,0
cardboard360,1,0,0,0,0,0
cardboard19,1,0,0,0,0,0
cardboard132,1,0,0,0,0,0
cardboard283,1,0,0,0,0,0
cardboard1,1,0,0,0,0,0
cardboard249,1,0,0,0,0,0
cardboard383,1,0,0,0,0,0
cardboard16,1,0,0,0,0,0
cardboard368,1,0,0,0,0,0
cardboard395,1,0,0,0,0,0
cardboard59,1,0,0,0,0,0
cardboard43,1,0,0,0,0,0
cardboard185,1,0,0,0,0,0
cardboard6,1,0,0,0,0,0
cardboard26,1,0,0,0,0,0
cardboard194,1,0,0,0,0,0
cardboard221,1,0,0,0,0,0
cardboard7,1,0,0,0,0,0
cardboard391,1,0,0,0,0,0
cardboard71,1,0,0,0,0,0
cardboard238,1,0,0,0,0,0
cardboard266,1,0,0,0,0,0
cardboard384,1,0,0,0,0,0
cardboard12,1,0,0,0,0,0
cardboard399,1,0,0,0,0,0
cardboard139,1,0,0,0,0,0
cardboard210,1,0,0,0,0,0
cardboard364,1,0,0,0,0,0
cardboard261,1,0,0,0,0,0
cardboard25,1,0,0,0,0,0
cardboard35,1,0,0,0,0,0
cardboard403,1,0,0,0,0,0
cardboard158,1,0,0,0,0,0
cardboard74,1,0,0,0,0,0
cardboard300,1,0,0,0,0,0
cardboard224,1,0,0,0,0,0
cardboard28,1,0,0,0,0,0
cardboard236,1,0,0,0,0,0
cardboard54,1,0,0,0,0,0
cardboard57,1,0,0,0,0,0
cardboard163,1,0,0,0,0,0
cardboard330,1,0,0,0,0,0
cardboard15,1,0,0,0,0,0
cardboard204,1,0,0,0,0,0
cardboard9,1,0,0,0,0,0
cardboard345,1,0,0,0,0,0
cardboard230,1,0,0,0,0,0
cardboard272,1,0,0,0,0,0
cardboard36,1,0,0,0,0,0
cardboard267,1,0,0,0,0,0
cardboard124,1,0,0,0,0,0
cardboard173,1,0,0,0,0,0
cardboard206,1,0,0,0,0,0
cardboard137,1,0,0,0,0,0
cardboard89,1,0,0,0,0,0
cardboard332,1,0,0,0,0,0
cardboard112,1,0,0,0,0,0
cardboard153,1,0,0,0,0,0
cardboard333,1,0,0,0,0,0
cardboard400,1,0,0,0,0,0
cardboard145,1,0,0,0,0,0
cardboard323,1,0,0,0,0,0
cardboard295,1,0,0,0,0,0
cardboard195,1,0,0,0,0,0
cardboard250,1,0,0,0,0,0
cardboard321,1,0,0,0,0,0
cardboard240,1,0,0,0,0,0
cardboard62,1,0,0,0,0,0
cardboard297,1,0,0,0,0,0
cardboard252,1,0,0,0,0,0
cardboard389,1,0,0,0,0,0
cardboard201,1,0,0,0,0,0
cardboard88,1,0,0,0,0,0
cardboard3,1,0,0,0,0,0
cardboard170,1,0,0,0,0,0
cardboard347,1,0,0,0,0,0
cardboard184,1,0,0,0,0,0
plastic347,0,0,0,0,1,0
plastic342,0,0,0,0,1,0
plastic146,0,0,0,0,1,0
plastic134,0,0,0,0,1,0
plastic150,0,0,0,0,1,0
plastic418,0,0,0,0,1,0
plastic115,0,0,0,0,1,0
plastic261,0,0,0,0,1,0
plastic369,0,0,0,0,1,0
plastic55,0,0,0,0,1,0
plastic207,0,0,0,0,1,0
plastic372,0,0,0,0,1,0
plastic22,0,0,0,0,1,0
plastic219,0,0,0,0,1,0
plastic56,0,0,0,0,1,0
plastic389,0,0,0,0,1,0
plastic240,0,0,0,0,1,0
plastic46,0,0,0,0,1,0
plastic318,0,0,0,0,1,0
plastic351,0,0,0,0,1,0
plastic88,0,0,0,0,1,0
plastic278,0,0,0,0,1,0
plastic220,0,0,0,0,1,0
plastic275,0,0,0,0,1,0
plastic248,0,0,0,0,1,0
plastic269,0,0,0,0,1,0
plastic170,0,0,0,0,1,0
plastic257,0,0,0,0,1,0
plastic312,0,0,0,0,1,0
plastic356,0,0,0,0,1,0
plastic151,0,0,0,0,1,0
plastic24,0,0,0,0,1,0
plastic52,0,0,0,0,1,0
plastic141,0,0,0,0,1,0
plastic439,0,0,0,0,1,0
plastic102,0,0,0,0,1,0
plastic331,0,0,0,0,1,0
plastic305,0,0,0,0,1,0
plastic4,0,0,0,0,1,0
plastic158,0,0,0,0,1,0
plastic300,0,0,0,0,1,0
plastic171,0,0,0,0,1,0
plastic70,0,0,0,0,1,0
plastic480,0,0,0,0,1,0
plastic174,0,0,0,0,1,0
plastic308,0,0,0,0,1,0
plastic185,0,0,0,0,1,0
plastic133,0,0,0,0,1,0
plastic287,0,0,0,0,1,0
plastic379,0,0,0,0,1,0
plastic108,0,0,0,0,1,0
plastic270,0,0,0,0,1,0
plastic230,0,0,0,0,1,0
plastic47,0,0,0,0,1,0
plastic475,0,0,0,0,1,0
plastic195,0,0,0,0,1,0
plastic367,0,0,0,0,1,0
plastic79,0,0,0,0,1,0
plastic454,0,0,0,0,1,0
plastic268,0,0,0,0,1,0
plastic76,0,0,0,0,1,0
plastic338,0,0,0,0,1,0
plastic6,0,0,0,0,1,0
plastic285,0,0,0,0,1,0
plastic51,0,0,0,0,1,0
plastic396,0,0,0,0,1,0
plastic177,0,0,0,0,1,0
plastic353,0,0,0,0,1,0
plastic194,0,0,0,0,1,0
plastic84,0,0,0,0,1,0
plastic400,0,0,0,0,1,0
plastic280,0,0,0,0,1,0
plastic211,0,0,0,0,1,0
plastic298,0,0,0,0,1,0
plastic232,0,0,0,0,1,0
plastic212,0,0,0,0,1,0
plastic321,0,0,0,0,1,0
plastic203,0,0,0,0,1,0
plastic274,0,0,0,0,1,0
plastic186,0,0,0,0,1,0
plastic87,0,0,0,0,1,0
plastic132,0,0,0,0,1,0
plastic320,0,0,0,0,1,0
plastic120,0,0,0,0,1,0
plastic444,0,0,0,0,1,0
plastic42,0,0,0,0,1,0
plastic73,0,0,0,0,1,0
plastic27,0,0,0,0,1,0
plastic314,0,0,0,0,1,0
plastic117,0,0,0,0,1,0
plastic128,0,0,0,0,1,0
plastic71,0,0,0,0,1,0
plastic157,0,0,0,0,1,0
plastic452,0,0,0,0,1,0
plastic403,0,0,0,0,1,0
plastic325,0,0,0,0,1,0
plastic89,0,0,0,0,1,0
plastic293,0,0,0,0,1,0
plastic123,0,0,0,0,1,0
plastic65,0,0,0,0,1,0
plastic93,0,0,0,0,1,0
plastic386,0,0,0,0,1,0
plastic291,0,0,0,0,1,0
plastic282,0,0,0,0,1,0
plastic64,0,0,0,0,1,0
plastic18,0,0,0,0,1,0
plastic349,0,0,0,0,1,0
plastic20,0,0,0,0,1,0
plastic249,0,0,0,0,1,0
plastic467,0,0,0,0,1,0
plastic387,0,0,0,0,1,0
plastic363,0,0,0,0,1,0
plastic362,0,0,0,0,1,0
plastic297,0,0,0,0,1,0
plastic160,0,0,0,0,1,0
plastic246,0,0,0,0,1,0
plastic328,0,0,0,0,1,0
plastic218,0,0,0,0,1,0
plastic43,0,0,0,0,1,0
plastic25,0,0,0,0,1,0
plastic226,0,0,0,0,1,0
plastic214,0,0,0,0,1,0
plastic449,0,0,0,0,1,0
plastic417,0,0,0,0,1,0
plastic420,0,0,0,0,1,0
plastic227,0,0,0,0,1,0
plastic143,0,0,0,0,1,0
plastic301,0,0,0,0,1,0
plastic49,0,0,0,0,1,0
plastic288,0,0,0,0,1,0
plastic470,0,0,0,0,1,0
plastic122,0,0,0,0,1,0
plastic234,0,0,0,0,1,0
plastic281,0,0,0,0,1,0
plastic265,0,0,0,0,1,0
plastic103,0,0,0,0,1,0
plastic62,0,0,0,0,1,0
plastic462,0,0,0,0,1,0
plastic173,0,0,0,0,1,0
plastic164,0,0,0,0,1,0
plastic86,0,0,0,0,1,0
plastic419,0,0,0,0,1,0
plastic167,0,0,0,0,1,0
plastic213,0,0,0,0,1,0
plastic175,0,0,0,0,1,0
plastic464,0,0,0,0,1,0
plastic262,0,0,0,0,1,0
plastic168,0,0,0,0,1,0
plastic2,0,0,0,0,1,0
plastic149,0,0,0,0,1,0
plastic145,0,0,0,0,1,0
plastic182,0,0,0,0,1,0
plastic210,0,0,0,0,1,0
plastic311,0,0,0,0,1,0
plastic383,0,0,0,0,1,0
plastic92,0,0,0,0,1,0
plastic223,0,0,0,0,1,0
plastic114,0,0,0,0,1,0
plastic348,0,0,0,0,1,0
plastic455,0,0,0,0,1,0
plastic111,0,0,0,0,1,0
plastic53,0,0,0,0,1,0
plastic104,0,0,0,0,1,0
plastic393,0,0,0,0,1,0
plastic15,0,0,0,0,1,0
plastic228,0,0,0,0,1,0
plastic140,0,0,0,0,1,0
plastic172,0,0,0,0,1,0
plastic334,0,0,0,0,1,0
plastic286,0,0,0,0,1,0
plastic414,0,0,0,0,1,0
plastic323,0,0,0,0,1,0
plastic374,0,0,0,0,1,0
plastic113,0,0,0,0,1,0
plastic384,0,0,0,0,1,0
plastic39,0,0,0,0,1,0
plastic189,0,0,0,0,1,0
plastic38,0,0,0,0,1,0
plastic438,0,0,0,0,1,0
plastic116,0,0,0,0,1,0
plastic375,0,0,0,0,1,0
plastic54,0,0,0,0,1,0
plastic364,0,0,0,0,1,0
plastic304,0,0,0,0,1,0
plastic326,0,0,0,0,1,0
plastic95,0,0,0,0,1,0
plastic344,0,0,0,0,1,0
plastic100,0,0,0,0,1,0
plastic57,0,0,0,0,1,0
plastic273,0,0,0,0,1,0
plastic28,0,0,0,0,1,0
plastic324,0,0,0,0,1,0
plastic251,0,0,0,0,1,0
plastic373,0,0,0,0,1,0
plastic289,0,0,0,0,1,0
plastic327,0,0,0,0,1,0
plastic176,0,0,0,0,1,0
plastic35,0,0,0,0,1,0
plastic90,0,0,0,0,1,0
plastic474,0,0,0,0,1,0
plastic161,0,0,0,0,1,0
plastic156,0,0,0,0,1,0
plastic216,0,0,0,0,1,0
plastic200,0,0,0,0,1,0
plastic190,0,0,0,0,1,0
plastic295,0,0,0,0,1,0
plastic166,0,0,0,0,1,0
plastic44,0,0,0,0,1,0
plastic313,0,0,0,0,1,0
plastic302,0,0,0,0,1,0
plastic458,0,0,0,0,1,0
plastic357,0,0,0,0,1,0
plastic392,0,0,0,0,1,0
plastic272,0,0,0,0,1,0
plastic429,0,0,0,0,1,0
plastic341,0,0,0,0,1,0
plastic266,0,0,0,0,1,0
plastic98,0,0,0,0,1,0
plastic136,0,0,0,0,1,0
plastic365,0,0,0,0,1,0
plastic118,0,0,0,0,1,0
plastic243,0,0,0,0,1,0
plastic183,0,0,0,0,1,0
plastic355,0,0,0,0,1,0
plastic204,0,0,0,0,1,0
plastic434,0,0,0,0,1,0
plastic109,0,0,0,0,1,0
plastic460,0,0,0,0,1,0
plastic407,0,0,0,0,1,0
plastic63,0,0,0,0,1,0
plastic431,0,0,0,0,1,0
plastic33,0,0,0,0,1,0
plastic481,0,0,0,0,1,0
plastic472,0,0,0,0,1,0
plastic11,0,0,0,0,1,0
plastic391,0,0,0,0,1,0
plastic390,0,0,0,0,1,0
plastic247,0,0,0,0,1,0
plastic397,0,0,0,0,1,0
plastic256,0,0,0,0,1,0
plastic451,0,0,0,0,1,0
plastic254,0,0,0,0,1,0
plastic456,0,0,0,0,1,0
plastic385,0,0,0,0,1,0
plastic421,0,0,0,0,1,0
plastic442,0,0,0,0,1,0
plastic5,0,0,0,0,1,0
plastic201,0,0,0,0,1,0
plastic432,0,0,0,0,1,0
plastic61,0,0,0,0,1,0
plastic21,0,0,0,0,1,0
plastic83,0,0,0,0,1,0
plastic23,0,0,0,0,1,0
plastic428,0,0,0,0,1,0
plastic209,0,0,0,0,1,0
plastic479,0,0,0,0,1,0
plastic124,0,0,0,0,1,0
plastic359,0,0,0,0,1,0
plastic378,0,0,0,0,1,0
plastic37,0,0,0,0,1,0
plastic337,0,0,0,0,1,0
plastic405,0,0,0,0,1,0
plastic316,0,0,0,0,1,0
plastic343,0,0,0,0,1,0
plastic333,0,0,0,0,1,0
plastic224,0,0,0,0,1,0
plastic69,0,0,0,0,1,0
plastic422,0,0,0,0,1,0
plastic106,0,0,0,0,1,0
plastic3,0,0,0,0,1,0
plastic32,0,0,0,0,1,0
plastic457,0,0,0,0,1,0
plastic154,0,0,0,0,1,0
plastic41,0,0,0,0,1,0
plastic101,0,0,0,0,1,0
plastic463,0,0,0,0,1,0
plastic12,0,0,0,0,1,0
plastic441,0,0,0,0,1,0
plastic10,0,0,0,0,1,0
plastic402,0,0,0,0,1,0
plastic82,0,0,0,0,1,0
plastic445,0,0,0,0,1,0
plastic68,0,0,0,0,1,0
plastic26,0,0,0,0,1,0
plastic162,0,0,0,0,1,0
plastic105,0,0,0,0,1,0
plastic258,0,0,0,0,1,0
plastic155,0,0,0,0,1,0
plastic107,0,0,0,0,1,0
plastic306,0,0,0,0,1,0
plastic130,0,0,0,0,1,0
plastic296,0,0,0,0,1,0
plastic345,0,0,0,0,1,0
plastic148,0,0,0,0,1,0
plastic315,0,0,0,0,1,0
plastic371,0,0,0,0,1,0
plastic36,0,0,0,0,1,0
plastic361,0,0,0,0,1,0
plastic370,0,0,0,0,1,0
plastic377,0,0,0,0,1,0
plastic394,0,0,0,0,1,0
plastic85,0,0,0,0,1,0
plastic284,0,0,0,0,1,0
plastic283,0,0,0,0,1,0
plastic465,0,0,0,0,1,0
plastic335,0,0,0,0,1,0
plastic147,0,0,0,0,1,0
plastic131,0,0,0,0,1,0
plastic264,0,0,0,0,1,0
plastic121,0,0,0,0,1,0
plastic193,0,0,0,0,1,0
plastic350,0,0,0,0,1,0
plastic399,0,0,0,0,1,0
plastic477,0,0,0,0,1,0
plastic423,0,0,0,0,1,0
plastic409,0,0,0,0,1,0
plastic80,0,0,0,0,1,0
plastic468,0,0,0,0,1,0
plastic346,0,0,0,0,1,0
plastic448,0,0,0,0,1,0
plastic112,0,0,0,0,1,0
plastic250,0,0,0,0,1,0
plastic152,0,0,0,0,1,0
plastic221,0,0,0,0,1,0
plastic482,0,0,0,0,1,0
plastic263,0,0,0,0,1,0
plastic339,0,0,0,0,1,0
plastic191,0,0,0,0,1,0
plastic469,0,0,0,0,1,0
plastic425,0,0,0,0,1,0
plastic97,0,0,0,0,1,0
plastic13,0,0,0,0,1,0
plastic471,0,0,0,0,1,0
plastic196,0,0,0,0,1,0
plastic197,0,0,0,0,1,0
plastic317,0,0,0,0,1,0
plastic188,0,0,0,0,1,0
plastic17,0,0,0,0,1,0
plastic436,0,0,0,0,1,0
plastic45,0,0,0,0,1,0
plastic66,0,0,0,0,1,0
plastic30,0,0,0,0,1,0
plastic34,0,0,0,0,1,0
plastic271,0,0,0,0,1,0
plastic163,0,0,0,0,1,0
plastic1,0,0,0,0,1,0
plastic58,0,0,0,0,1,0
plastic443,0,0,0,0,1,0
plastic125,0,0,0,0,1,0
plastic233,0,0,0,0,1,0
plastic202,0,0,0,0,1,0
plastic81,0,0,0,0,1,0
plastic260,0,0,0,0,1,0
plastic440,0,0,0,0,1,0
plastic453,0,0,0,0,1,0
plastic19,0,0,0,0,1,0
plastic398,0,0,0,0,1,0
plastic94,0,0,0,0,1,0
plastic222,0,0,0,0,1,0
plastic437,0,0,0,0,1,0
plastic310,0,0,0,0,1,0
plastic9,0,0,0,0,1,0
plastic245,0,0,0,0,1,0
plastic229,0,0,0,0,1,0
plastic410,0,0,0,0,1,0
plastic14,0,0,0,0,1,0
plastic74,0,0,0,0,1,0
plastic332,0,0,0,0,1,0
plastic309,0,0,0,0,1,0
plastic110,0,0,0,0,1,0
plastic138,0,0,0,0,1,0
plastic142,0,0,0,0,1,0
plastic159,0,0,0,0,1,0
plastic447,0,0,0,0,1,0
plastic253,0,0,0,0,1,0
plastic450,0,0,0,0,1,0
plastic238,0,0,0,0,1,0
plastic292,0,0,0,0,1,0
plastic299,0,0,0,0,1,0
plastic358,0,0,0,0,1,0
plastic236,0,0,0,0,1,0
plastic91,0,0,0,0,1,0
plastic184,0,0,0,0,1,0
plastic165,0,0,0,0,1,0
plastic242,0,0,0,0,1,0
plastic406,0,0,0,0,1,0
plastic395,0,0,0,0,1,0
plastic366,0,0,0,0,1,0
plastic473,0,0,0,0,1,0
plastic426,0,0,0,0,1,0
plastic180,0,0,0,0,1,0
plastic187,0,0,0,0,1,0
plastic16,0,0,0,0,1,0
plastic376,0,0,0,0,1,0
plastic153,0,0,0,0,1,0
plastic411,0,0,0,0,1,0
plastic77,0,0,0,0,1,0
plastic352,0,0,0,0,1,0
plastic208,0,0,0,0,1,0
plastic215,0,0,0,0,1,0
plastic336,0,0,0,0,1,0
plastic31,0,0,0,0,1,0
plastic40,0,0,0,0,1,0
plastic466,0,0,0,0,1,0
plastic60,0,0,0,0,1,0
plastic446,0,0,0,0,1,0
plastic225,0,0,0,0,1,0
plastic430,0,0,0,0,1,0
plastic303,0,0,0,0,1,0
plastic340,0,0,0,0,1,0
plastic381,0,0,0,0,1,0
plastic78,0,0,0,0,1,0
plastic237,0,0,0,0,1,0
plastic126,0,0,0,0,1,0
plastic205,0,0,0,0,1,0
plastic137,0,0,0,0,1,0
plastic380,0,0,0,0,1,0
plastic50,0,0,0,0,1,0
plastic424,0,0,0,0,1,0
plastic416,0,0,0,0,1,0
plastic129,0,0,0,0,1,0
plastic408,0,0,0,0,1,0
plastic330,0,0,0,0,1,0
plastic119,0,0,0,0,1,0
plastic427,0,0,0,0,1,0
plastic319,0,0,0,0,1,0
plastic67,0,0,0,0,1,0
plastic276,0,0,0,0,1,0
plastic277,0,0,0,0,1,0
plastic259,0,0,0,0,1,0
plastic96,0,0,0,0,1,0
plastic368,0,0,0,0,1,0
plastic322,0,0,0,0,1,0
plastic478,0,0,0,0,1,0
plastic360,0,0,0,0,1,0
plastic72,0,0,0,0,1,0
plastic252,0,0,0,0,1,0
plastic192,0,0,0,0,1,0
plastic179,0,0,0,0,1,0
plastic241,0,0,0,0,1,0
plastic433,0,0,0,0,1,0
plastic127,0,0,0,0,1,0
plastic199,0,0,0,0,1,0
plastic144,0,0,0,0,1,0
plastic139,0,0,0,0,1,0
plastic404,0,0,0,0,1,0
plastic235,0,0,0,0,1,0
plastic198,0,0,0,0,1,0
plastic476,0,0,0,0,1,0
plastic135,0,0,0,0,1,0
plastic294,0,0,0,0,1,0
plastic206,0,0,0,0,1,0
plastic59,0,0,0,0,1,0
plastic169,0,0,0,0,1,0
plastic435,0,0,0,0,1,0
plastic354,0,0,0,0,1,0
plastic99,0,0,0,0,1,0
plastic7,0,0,0,0,1,0
plastic178,0,0,0,0,1,0
plastic382,0,0,0,0,1,0
plastic75,0,0,0,0,1,0
plastic29,0,0,0,0,1,0
plastic290,0,0,0,0,1,0
plastic279,0,0,0,0,1,0
plastic267,0,0,0,0,1,0
plastic231,0,0,0,0,1,0
plastic255,0,0,0,0,1,0
plastic181,0,0,0,0,1,0
plastic239,0,0,0,0,1,0
plastic459,0,0,0,0,1,0
plastic8,0,0,0,0,1,0
plastic412,0,0,0,0,1,0
plastic307,0,0,0,0,1,0
plastic415,0,0,0,0,1,0
plastic329,0,0,0,0,1,0
plastic244,0,0,0,0,1,0
plastic461,0,0,0,0,1,0
plastic413,0,0,0,0,1,0
plastic217,0,0,0,0,1,0
plastic401,0,0,0,0,1,0
plastic48,0,0,0,0,1,0
plastic388,0,0,0,0,1,0
metal38,0,0,1,0,0,0
metal283,0,0,1,0,0,0
metal49,0,0,1,0,0,0
metal297,0,0,1,0,0,0
metal29,0,0,1,0,0,0
metal350,0,0,1,0,0,0
metal387,0,0,1,0,0,0
metal311,0,0,1,0,0,0
metal341,0,0,1,0,0,0
metal118,0,0,1,0,0,0
metal318,0,0,1,0,0,0
metal66,0,0,1,0,0,0
metal394,0,0,1,0,0,0
metal268,0,0,1,0,0,0
metal312,0,0,1,0,0,0
metal69,0,0,1,0,0,0
metal33,0,0,1,0,0,0
metal355,0,0,1,0,0,0
metal361,0,0,1,0,0,0
metal119,0,0,1,0,0,0
metal276,0,0,1,0,0,0
metal220,0,0,1,0,0,0
metal230,0,0,1,0,0,0
metal138,0,0,1,0,0,0
metal32,0,0,1,0,0,0
metal199,0,0,1,0,0,0
metal46,0,0,1,0,0,0
metal183,0,0,1,0,0,0
metal354,0,0,1,0,0,0
metal363,0,0,1,0,0,0
metal330,0,0,1,0,0,0
metal25,0,0,1,0,0,0
metal162,0,0,1,0,0,0
metal84,0,0,1,0,0,0
metal91,0,0,1,0,0,0
metal409,0,0,1,0,0,0
metal196,0,0,1,0,0,0
metal177,0,0,1,0,0,0
metal235,0,0,1,0,0,0
metal123,0,0,1,0,0,0
metal197,0,0,1,0,0,0
metal173,0,0,1,0,0,0
metal99,0,0,1,0,0,0
metal122,0,0,1,0,0,0
metal210,0,0,1,0,0,0
metal26,0,0,1,0,0,0
metal343,0,0,1,0,0,0
metal117,0,0,1,0,0,0
metal136,0,0,1,0,0,0
metal200,0,0,1,0,0,0
metal219,0,0,1,0,0,0
metal23,0,0,1,0,0,0
metal336,0,0,1,0,0,0
metal104,0,0,1,0,0,0
metal349,0,0,1,0,0,0
metal115,0,0,1,0,0,0
metal293,0,0,1,0,0,0
metal410,0,0,1,0,0,0
metal289,0,0,1,0,0,0
metal287,0,0,1,0,0,0
metal75,0,0,1,0,0,0
metal400,0,0,1,0,0,0
metal326,0,0,1,0,0,0
metal233,0,0,1,0,0,0
metal392,0,0,1,0,0,0
metal270,0,0,1,0,0,0
metal171,0,0,1,0,0,0
metal316,0,0,1,0,0,0
metal346,0,0,1,0,0,0
metal60,0,0,1,0,0,0
metal102,0,0,1,0,0,0
metal338,0,0,1,0,0,0
metal131,0,0,1,0,0,0
metal120,0,0,1,0,0,0
metal255,0,0,1,0,0,0
metal54,0,0,1,0,0,0
metal110,0,0,1,0,0,0
metal148,0,0,1,0,0,0
metal39,0,0,1,0,0,0
metal407,0,0,1,0,0,0
metal300,0,0,1,0,0,0
metal223,0,0,1,0,0,0
metal30,0,0,1,0,0,0
metal36,0,0,1,0,0,0
metal260,0,0,1,0,0,0
metal288,0,0,1,0,0,0
metal64,0,0,1,0,0,0
metal169,0,0,1,0,0,0
metal379,0,0,1,0,0,0
metal153,0,0,1,0,0,0
metal179,0,0,1,0,0,0
metal370,0,0,1,0,0,0
metal247,0,0,1,0,0,0
metal135,0,0,1,0,0,0
metal12,0,0,1,0,0,0
metal324,0,0,1,0,0,0
metal164,0,0,1,0,0,0
metal74,0,0,1,0,0,0
metal188,0,0,1,0,0,0
metal337,0,0,1,0,0,0
metal303,0,0,1,0,0,0
metal167,0,0,1,0,0,0
metal217,0,0,1,0,0,0
metal399,0,0,1,0,0,0
metal27,0,0,1,0,0,0
metal310,0,0,1,0,0,0
metal227,0,0,1,0,0,0
metal231,0,0,1,0,0,0
metal239,0,0,1,0,0,0
metal51,0,0,1,0,0,0
metal358,0,0,1,0,0,0
metal193,0,0,1,0,0,0
metal208,0,0,1,0,0,0
metal264,0,0,1,0,0,0
metal279,0,0,1,0,0,0
metal380,0,0,1,0,0,0
metal401,0,0,1,0,0,0
metal170,0,0,1,0,0,0
metal168,0,0,1,0,0,0
metal284,0,0,1,0,0,0
metal253,0,0,1,0,0,0
metal63,0,0,1,0,0,0
metal267,0,0,1,0,0,0
metal150,0,0,1,0,0,0
metal180,0,0,1,0,0,0
metal81,0,0,1,0,0,0
metal245,0,0,1,0,0,0
metal176,0,0,1,0,0,0
metal362,0,0,1,0,0,0
metal147,0,0,1,0,0,0
metal146,0,0,1,0,0,0
metal37,0,0,1,0,0,0
metal371,0,0,1,0,0,0
metal3,0,0,1,0,0,0
metal388,0,0,1,0,0,0
metal348,0,0,1,0,0,0
metal389,0,0,1,0,0,0
metal296,0,0,1,0,0,0
metal18,0,0,1,0,0,0
metal121,0,0,1,0,0,0
metal364,0,0,1,0,0,0
metal224,0,0,1,0,0,0
metal6,0,0,1,0,0,0
metal390,0,0,1,0,0,0
metal88,0,0,1,0,0,0
metal262,0,0,1,0,0,0
metal137,0,0,1,0,0,0
metal294,0,0,1,0,0,0
metal86,0,0,1,0,0,0
metal127,0,0,1,0,0,0
metal90,0,0,1,0,0,0
metal406,0,0,1,0,0,0
metal252,0,0,1,0,0,0
metal42,0,0,1,0,0,0
metal62,0,0,1,0,0,0
metal97,0,0,1,0,0,0
metal151,0,0,1,0,0,0
metal368,0,0,1,0,0,0
metal290,0,0,1,0,0,0
metal404,0,0,1,0,0,0
metal402,0,0,1,0,0,0
metal384,0,0,1,0,0,0
metal367,0,0,1,0,0,0
metal281,0,0,1,0,0,0
metal141,0,0,1,0,0,0
metal194,0,0,1,0,0,0
metal157,0,0,1,0,0,0
metal232,0,0,1,0,0,0
metal10,0,0,1,0,0,0
metal53,0,0,1,0,0,0
metal163,0,0,1,0,0,0
metal198,0,0,1,0,0,0
metal159,0,0,1,0,0,0
metal259,0,0,1,0,0,0
metal374,0,0,1,0,0,0
metal41,0,0,1,0,0,0
metal4,0,0,1,0,0,0
metal106,0,0,1,0,0,0
metal250,0,0,1,0,0,0
metal345,0,0,1,0,0,0
metal340,0,0,1,0,0,0
metal314,0,0,1,0,0,0
metal246,0,0,1,0,0,0
metal347,0,0,1,0,0,0
metal191,0,0,1,0,0,0
metal182,0,0,1,0,0,0
metal204,0,0,1,0,0,0
metal258,0,0,1,0,0,0
metal9,0,0,1,0,0,0
metal271,0,0,1,0,0,0
metal395,0,0,1,0,0,0
metal68,0,0,1,0,0,0
metal107,0,0,1,0,0,0
metal85,0,0,1,0,0,0
metal372,0,0,1,0,0,0
metal328,0,0,1,0,0,0
metal385,0,0,1,0,0,0
metal356,0,0,1,0,0,0
metal145,0,0,1,0,0,0
metal325,0,0,1,0,0,0
metal375,0,0,1,0,0,0
metal40,0,0,1,0,0,0
metal332,0,0,1,0,0,0
metal155,0,0,1,0,0,0
metal92,0,0,1,0,0,0
metal299,0,0,1,0,0,0
metal112,0,0,1,0,0,0
metal301,0,0,1,0,0,0
metal221,0,0,1,0,0,0
metal275,0,0,1,0,0,0
metal329,0,0,1,0,0,0
metal178,0,0,1,0,0,0
metal342,0,0,1,0,0,0
metal386,0,0,1,0,0,0
metal222,0,0,1,0,0,0
metal67,0,0,1,0,0,0
metal126,0,0,1,0,0,0
metal1,0,0,1,0,0,0
metal70,0,0,1,0,0,0
metal156,0,0,1,0,0,0
metal266,0,0,1,0,0,0
metal269,0,0,1,0,0,0
metal226,0,0,1,0,0,0
metal89,0,0,1,0,0,0
metal24,0,0,1,0,0,0
metal44,0,0,1,0,0,0
metal100,0,0,1,0,0,0
metal174,0,0,1,0,0,0
metal237,0,0,1,0,0,0
metal59,0,0,1,0,0,0
metal397,0,0,1,0,0,0
metal207,0,0,1,0,0,0
metal149,0,0,1,0,0,0
metal142,0,0,1,0,0,0
metal263,0,0,1,0,0,0
metal351,0,0,1,0,0,0
metal278,0,0,1,0,0,0
metal21,0,0,1,0,0,0
metal77,0,0,1,0,0,0
metal378,0,0,1,0,0,0
metal365,0,0,1,0,0,0
metal144,0,0,1,0,0,0
metal165,0,0,1,0,0,0
metal94,0,0,1,0,0,0
metal48,0,0,1,0,0,0
metal286,0,0,1,0,0,0
metal19,0,0,1,0,0,0
metal161,0,0,1,0,0,0
metal139,0,0,1,0,0,0
metal20,0,0,1,0,0,0
metal225,0,0,1,0,0,0
metal76,0,0,1,0,0,0
metal2,0,0,1,0,0,0
metal154,0,0,1,0,0,0
metal334,0,0,1,0,0,0
metal79,0,0,1,0,0,0
metal211,0,0,1,0,0,0
metal214,0,0,1,0,0,0
metal257,0,0,1,0,0,0
metal166,0,0,1,0,0,0
metal14,0,0,1,0,0,0
metal215,0,0,1,0,0,0
metal172,0,0,1,0,0,0
metal398,0,0,1,0,0,0
metal65,0,0,1,0,0,0
metal87,0,0,1,0,0,0
metal78,0,0,1,0,0,0
metal57,0,0,1,0,0,0
metal376,0,0,1,0,0,0
metal116,0,0,1,0,0,0
metal185,0,0,1,0,0,0
metal381,0,0,1,0,0,0
metal229,0,0,1,0,0,0
metal95,0,0,1,0,0,0
metal13,0,0,1,0,0,0
metal273,0,0,1,0,0,0
metal377,0,0,1,0,0,0
metal22,0,0,1,0,0,0
metal234,0,0,1,0,0,0
metal71,0,0,1,0,0,0
metal317,0,0,1,0,0,0
metal61,0,0,1,0,0,0
metal383,0,0,1,0,0,0
metal17,0,0,1,0,0,0
metal52,0,0,1,0,0,0
metal251,0,0,1,0,0,0
metal47,0,0,1,0,0,0
metal292,0,0,1,0,0,0
metal175,0,0,1,0,0,0
metal295,0,0,1,0,0,0
metal130,0,0,1,0,0,0
metal114,0,0,1,0,0,0
metal140,0,0,1,0,0,0
metal192,0,0,1,0,0,0
metal243,0,0,1,0,0,0
metal327,0,0,1,0,0,0
metal373,0,0,1,0,0,0
metal56,0,0,1,0,0,0
metal319,0,0,1,0,0,0
metal249,0,0,1,0,0,0
metal187,0,0,1,0,0,0
metal366,0,0,1,0,0,0
metal357,0,0,1,0,0,0
metal333,0,0,1,0,0,0
metal280,0,0,1,0,0,0
metal304,0,0,1,0,0,0
metal35,0,0,1,0,0,0
metal285,0,0,1,0,0,0
metal101,0,0,1,0,0,0
metal134,0,0,1,0,0,0
metal274,0,0,1,0,0,0
metal382,0,0,1,0,0,0
metal339,0,0,1,0,0,0
metal261,0,0,1,0,0,0
metal109,0,0,1,0,0,0
metal45,0,0,1,0,0,0
metal202,0,0,1,0,0,0
metal308,0,0,1,0,0,0
metal189,0,0,1,0,0,0
metal128,0,0,1,0,0,0
metal240,0,0,1,0,0,0
metal72,0,0,1,0,0,0
metal322,0,0,1,0,0,0
metal31,0,0,1,0,0,0
metal305,0,0,1,0,0,0
metal190,0,0,1,0,0,0
metal55,0,0,1,0,0,0
metal323,0,0,1,0,0,0
metal129,0,0,1,0,0,0
metal254,0,0,1,0,0,0
metal82,0,0,1,0,0,0
metal228,0,0,1,0,0,0
metal105,0,0,1,0,0,0
metal181,0,0,1,0,0,0
metal391,0,0,1,0,0,0
metal43,0,0,1,0,0,0
metal34,0,0,1,0,0,0
metal16,0,0,1,0,0,0
metal403,0,0,1,0,0,0
metal213,0,0,1,0,0,0
metal206,0,0,1,0,0,0
metal352,0,0,1,0,0,0
metal369,0,0,1,0,0,0
metal184,0,0,1,0,0,0
metal209,0,0,1,0,0,0
metal73,0,0,1,0,0,0
metal218,0,0,1,0,0,0
metal160,0,0,1,0,0,0
metal321,0,0,1,0,0,0
metal103,0,0,1,0,0,0
metal216,0,0,1,0,0,0
metal98,0,0,1,0,0,0
metal353,0,0,1,0,0,0
metal205,0,0,1,0,0,0
metal393,0,0,1,0,0,0
metal265,0,0,1,0,0,0
metal241,0,0,1,0,0,0
metal201,0,0,1,0,0,0
metal5,0,0,1,0,0,0
metal256,0,0,1,0,0,0
metal158,0,0,1,0,0,0
metal291,0,0,1,0,0,0
metal408,0,0,1,0,0,0
metal277,0,0,1,0,0,0
metal212,0,0,1,0,0,0
metal238,0,0,1,0,0,0
metal335,0,0,1,0,0,0
metal186,0,0,1,0,0,0
metal313,0,0,1,0,0,0
metal244,0,0,1,0,0,0
metal405,0,0,1,0,0,0
metal124,0,0,1,0,0,0
metal8,0,0,1,0,0,0
metal111,0,0,1,0,0,0
metal132,0,0,1,0,0,0
metal360,0,0,1,0,0,0
metal195,0,0,1,0,0,0
metal359,0,0,1,0,0,0
metal248,0,0,1,0,0,0
metal320,0,0,1,0,0,0
metal113,0,0,1,0,0,0
metal80,0,0,1,0,0,0
metal309,0,0,1,0,0,0
metal331,0,0,1,0,0,0
metal125,0,0,1,0,0,0
metal298,0,0,1,0,0,0
metal83,0,0,1,0,0,0
metal96,0,0,1,0,0,0
metal315,0,0,1,0,0,0
metal28,0,0,1,0,0,0
metal11,0,0,1,0,0,0
metal133,0,0,1,0,0,0
metal7,0,0,1,0,0,0
metal306,0,0,1,0,0,0
metal152,0,0,1,0,0,0
metal50,0,0,1,0,0,0
metal143,0,0,1,0,0,0
metal15,0,0,1,0,0,0
metal282,0,0,1,0,0,0
metal58,0,0,1,0,0,0
metal242,0,0,1,0,0,0
metal272,0,0,1,0,0,0
metal344,0,0,1,0,0,0
metal203,0,0,1,0,0,0
metal302,0,0,1,0,0,0
metal236,0,0,1,0,0,0
metal396,0,0,1,0,0,0
metal93,0,0,1,0,0,0
metal307,0,0,1,0,0,0
metal108,0,0,1,0,0,0
trash20,0,0,0,0,0,1
trash9,0,0,0,0,0,1
trash105,0,0,0,0,0,1
trash19,0,0,0,0,0,1
trash71,0,0,0,0,0,1
trash127,0,0,0,0,0,1
trash49,0,0,0,0,0,1
trash55,0,0,0,0,0,1
trash51,0,0,0,0,0,1
trash11,0,0,0,0,0,1
trash2,0,0,0,0,0,1
trash16,0,0,0,0,0,1
trash42,0,0,0,0,0,1
trash124,0,0,0,0,0,1
trash25,0,0,0,0,0,1
trash136,0,0,0,0,0,1
trash99,0,0,0,0,0,1
trash72,0,0,0,0,0,1
trash125,0,0,0,0,0,1
trash28,0,0,0,0,0,1
trash93,0,0,0,0,0,1
trash130,0,0,0,0,0,1
trash17,0,0,0,0,0,1
trash133,0,0,0,0,0,1
trash135,0,0,0,0,0,1
trash67,0,0,0,0,0,1
trash30,0,0,0,0,0,1
trash69,0,0,0,0,0,1
trash70,0,0,0,0,0,1
trash98,0,0,0,0,0,1
trash44,0,0,0,0,0,1
trash87,0,0,0,0,0,1
trash104,0,0,0,0,0,1
trash12,0,0,0,0,0,1
trash23,0,0,0,0,0,1
trash64,0,0,0,0,0,1
trash46,0,0,0,0,0,1
trash32,0,0,0,0,0,1
trash112,0,0,0,0,0,1
trash85,0,0,0,0,0,1
trash117,0,0,0,0,0,1
trash113,0,0,0,0,0,1
trash37,0,0,0,0,0,1
trash57,0,0,0,0,0,1
trash24,0,0,0,0,0,1
trash48,0,0,0,0,0,1
trash122,0,0,0,0,0,1
trash92,0,0,0,0,0,1
trash29,0,0,0,0,0,1
trash43,0,0,0,0,0,1
trash81,0,0,0,0,0,1
trash31,0,0,0,0,0,1
trash33,0,0,0,0,0,1
trash45,0,0,0,0,0,1
trash123,0,0,0,0,0,1
trash80,0,0,0,0,0,1
trash108,0,0,0,0,0,1
trash40,0,0,0,0,0,1
trash76,0,0,0,0,0,1
trash84,0,0,0,0,0,1
trash79,0,0,0,0,0,1
trash61,0,0,0,0,0,1
trash52,0,0,0,0,0,1
trash65,0,0,0,0,0,1
trash56,0,0,0,0,0,1
trash83,0,0,0,0,0,1
trash131,0,0,0,0,0,1
trash21,0,0,0,0,0,1
trash107,0,0,0,0,0,1
trash121,0,0,0,0,0,1
trash66,0,0,0,0,0,1
trash111,0,0,0,0,0,1
trash134,0,0,0,0,0,1
trash22,0,0,0,0,0,1
trash106,0,0,0,0,0,1
trash100,0,0,0,0,0,1
trash6,0,0,0,0,0,1
trash91,0,0,0,0,0,1
trash78,0,0,0,0,0,1
trash62,0,0,0,0,0,1
trash120,0,0,0,0,0,1
trash63,0,0,0,0,0,1
trash114,0,0,0,0,0,1
trash75,0,0,0,0,0,1
trash27,0,0,0,0,0,1
trash60,0,0,0,0,0,1
trash8,0,0,0,0,0,1
trash97,0,0,0,0,0,1
trash54,0,0,0,0,0,1
trash34,0,0,0,0,0,1
trash101,0,0,0,0,0,1
trash5,0,0,0,0,0,1
trash73,0,0,0,0,0,1
trash115,0,0,0,0,0,1
trash95,0,0,0,0,0,1
trash77,0,0,0,0,0,1
trash26,0,0,0,0,0,1
trash86,0,0,0,0,0,1
trash118,0,0,0,0,0,1
trash90,0,0,0,0,0,1
trash41,0,0,0,0,0,1
trash35,0,0,0,0,0,1
trash137,0,0,0,0,0,1
trash39,0,0,0,0,0,1
trash14,0,0,0,0,0,1
trash50,0,0,0,0,0,1
trash109,0,0,0,0,0,1
trash126,0,0,0,0,0,1
trash7,0,0,0,0,0,1
trash74,0,0,0,0,0,1
trash110,0,0,0,0,0,1
trash103,0,0,0,0,0,1
trash10,0,0,0,0,0,1
trash68,0,0,0,0,0,1
trash47,0,0,0,0,0,1
trash18,0,0,0,0,0,1
trash88,0,0,0,0,0,1
trash82,0,0,0,0,0,1
trash53,0,0,0,0,0,1
trash59,0,0,0,0,0,1
trash132,0,0,0,0,0,1
trash4,0,0,0,0,0,1
trash102,0,0,0,0,0,1
trash128,0,0,0,0,0,1
trash38,0,0,0,0,0,1
trash1,0,0,0,0,0,1
trash15,0,0,0,0,0,1
trash119,0,0,0,0,0,1
trash13,0,0,0,0,0,1
trash116,0,0,0,0,0,1
trash36,0,0,0,0,0,1
trash58,0,0,0,0,0,1
trash129,0,0,0,0,0,1
trash96,0,0,0,0,0,1
trash89,0,0,0,0,0,1
trash3,0,0,0,0,0,1
trash94,0,0,0,0,0,1
glass362,0,1,0,0,0,0
glass71,0,1,0,0,0,0
glass70,0,1,0,0,0,0
glass500,0,1,0,0,0,0
glass48,0,1,0,0,0,0
glass293,0,1,0,0,0,0
glass156,0,1,0,0,0,0
glass137,0,1,0,0,0,0
glass74,0,1,0,0,0,0
glass301,0,1,0,0,0,0
glass471,0,1,0,0,0,0
glass203,0,1,0,0,0,0
glass277,0,1,0,0,0,0
glass448,0,1,0,0,0,0
glass192,0,1,0,0,0,0
glass421,0,1,0,0,0,0
glass189,0,1,0,0,0,0
glass259,0,1,0,0,0,0
glass257,0,1,0,0,0,0
glass373,0,1,0,0,0,0
glass172,0,1,0,0,0,0
glass439,0,1,0,0,0,0
glass393,0,1,0,0,0,0
glass245,0,1,0,0,0,0
glass153,0,1,0,0,0,0
glass7,0,1,0,0,0,0
glass240,0,1,0,0,0,0
glass209,0,1,0,0,0,0
glass27,0,1,0,0,0,0
glass398,0,1,0,0,0,0
glass68,0,1,0,0,0,0
glass484,0,1,0,0,0,0
glass299,0,1,0,0,0,0
glass490,0,1,0,0,0,0
glass33,0,1,0,0,0,0
glass365,0,1,0,0,0,0
glass227,0,1,0,0,0,0
glass167,0,1,0,0,0,0
glass65,0,1,0,0,0,0
glass308,0,1,0,0,0,0
glass353,0,1,0,0,0,0
glass204,0,1,0,0,0,0
glass350,0,1,0,0,0,0
glass13,0,1,0,0,0,0
glass121,0,1,0,0,0,0
glass265,0,1,0,0,0,0
glass187,0,1,0,0,0,0
glass482,0,1,0,0,0,0
glass25,0,1,0,0,0,0
glass115,0,1,0,0,0,0
glass323,0,1,0,0,0,0
glass229,0,1,0,0,0,0
glass309,0,1,0,0,0,0
glass290,0,1,0,0,0,0
glass475,0,1,0,0,0,0
glass423,0,1,0,0,0,0
glass104,0,1,0,0,0,0
glass445,0,1,0,0,0,0
glass436,0,1,0,0,0,0
glass263,0,1,0,0,0,0
glass358,0,1,0,0,0,0
glass340,0,1,0,0,0,0
glass395,0,1,0,0,0,0
glass396,0,1,0,0,0,0
glass202,0,1,0,0,0,0
glass175,0,1,0,0,0,0
glass222,0,1,0,0,0,0
glass8,0,1,0,0,0,0
glass443,0,1,0,0,0,0
glass434,0,1,0,0,0,0
glass179,0,1,0,0,0,0
glass390,0,1,0,0,0,0
glass109,0,1,0,0,0,0
glass377,0,1,0,0,0,0
glass228,0,1,0,0,0,0
glass391,0,1,0,0,0,0
glass332,0,1,0,0,0,0
glass402,0,1,0,0,0,0
glass116,0,1,0,0,0,0
glass133,0,1,0,0,0,0
glass220,0,1,0,0,0,0
glass49,0,1,0,0,0,0
glass331,0,1,0,0,0,0
glass40,0,1,0,0,0,0
glass210,0,1,0,0,0,0
glass486,0,1,0,0,0,0
glass329,0,1,0,0,0,0
glass371,0,1,0,0,0,0
glass356,0,1,0,0,0,0
glass106,0,1,0,0,0,0
glass159,0,1,0,0,0,0
glass249,0,1,0,0,0,0
glass294,0,1,0,0,0,0
glass87,0,1,0,0,0,0
glass211,0,1,0,0,0,0
glass5,0,1,0,0,0,0
glass250,0,1,0,0,0,0
glass447,0,1,0,0,0,0
glass406,0,1,0,0,0,0
glass95,0,1,0,0,0,0
glass349,0,1,0,0,0,0
glass20,0,1,0,0,0,0
glass24,0,1,0,0,0,0
glass234,0,1,0,0,0,0
glass176,0,1,0,0,0,0
glass10,0,1,0,0,0,0
glass497,0,1,0,0,0,0
glass9,0,1,0,0,0,0
glass19,0,1,0,0,0,0
glass197,0,1,0,0,0,0
glass162,0,1,0,0,0,0
glass258,0,1,0,0,0,0
glass480,0,1,0,0,0,0
glass376,0,1,0,0,0,0
glass417,0,1,0,0,0,0
glass62,0,1,0,0,0,0
glass205,0,1,0,0,0,0
glass464,0,1,0,0,0,0
glass56,0,1,0,0,0,0
glass283,0,1,0,0,0,0
glass366,0,1,0,0,0,0
glass131,0,1,0,0,0,0
glass93,0,1,0,0,0,0
glass44,0,1,0,0,0,0
glass304,0,1,0,0,0,0
glass499,0,1,0,0,0,0
glass47,0,1,0,0,0,0
glass389,0,1,0,0,0,0
glass411,0,1,0,0,0,0
glass163,0,1,0,0,0,0
glass154,0,1,0,0,0,0
glass243,0,1,0,0,0,0
glass288,0,1,0,0,0,0
glass127,0,1,0,0,0,0
glass145,0,1,0,0,0,0
glass479,0,1,0,0,0,0
glass397,0,1,0,0,0,0
glass207,0,1,0,0,0,0
glass181,0,1,0,0,0,0
glass433,0,1,0,0,0,0
glass168,0,1,0,0,0,0
glass11,0,1,0,0,0,0
glass31,0,1,0,0,0,0
glass160,0,1,0,0,0,0
glass284,0,1,0,0,0,0
glass348,0,1,0,0,0,0
glass180,0,1,0,0,0,0
glass401,0,1,0,0,0,0
glass90,0,1,0,0,0,0
glass158,0,1,0,0,0,0
glass472,0,1,0,0,0,0
glass394,0,1,0,0,0,0
glass387,0,1,0,0,0,0
glass232,0,1,0,0,0,0
glass186,0,1,0,0,0,0
glass271,0,1,0,0,0,0
glass21,0,1,0,0,0,0
glass58,0,1,0,0,0,0
glass374,0,1,0,0,0,0
glass429,0,1,0,0,0,0
glass318,0,1,0,0,0,0
glass69,0,1,0,0,0,0
glass66,0,1,0,0,0,0
glass474,0,1,0,0,0,0
glass225,0,1,0,0,0,0
glass32,0,1,0,0,0,0
glass122,0,1,0,0,0,0
glass278,0,1,0,0,0,0
glass364,0,1,0,0,0,0
glass171,0,1,0,0,0,0
glass201,0,1,0,0,0,0
glass360,0,1,0,0,0,0
glass383,0,1,0,0,0,0
glass221,0,1,0,0,0,0
glass130,0,1,0,0,0,0
glass313,0,1,0,0,0,0
glass307,0,1,0,0,0,0
glass85,0,1,0,0,0,0
glass267,0,1,0,0,0,0
glass72,0,1,0,0,0,0
glass126,0,1,0,0,0,0
glass419,0,1,0,0,0,0
glass34,0,1,0,0,0,0
glass342,0,1,0,0,0,0
glass97,0,1,0,0,0,0
glass223,0,1,0,0,0,0
glass266,0,1,0,0,0,0
glass182,0,1,0,0,0,0
glass215,0,1,0,0,0,0
glass292,0,1,0,0,0,0
glass252,0,1,0,0,0,0
glass338,0,1,0,0,0,0
glass253,0,1,0,0,0,0
glass481,0,1,0,0,0,0
glass382,0,1,0,0,0,0
glass114,0,1,0,0,0,0
glass54,0,1,0,0,0,0
glass437,0,1,0,0,0,0
glass478,0,1,0,0,0,0
glass269,0,1,0,0,0,0
glass84,0,1,0,0,0,0
glass112,0,1,0,0,0,0
glass91,0,1,0,0,0,0
glass46,0,1,0,0,0,0
glass260,0,1,0,0,0,0
glass132,0,1,0,0,0,0
glass103,0,1,0,0,0,0
glass28,0,1,0,0,0,0
glass334,0,1,0,0,0,0
glass282,0,1,0,0,0,0
glass81,0,1,0,0,0,0
glass333,0,1,0,0,0,0
glass2,0,1,0,0,0,0
glass37,0,1,0,0,0,0
glass425,0,1,0,0,0,0
glass473,0,1,0,0,0,0
glass4,0,1,0,0,0,0
glass281,0,1,0,0,0,0
glass399,0,1,0,0,0,0
glass452,0,1,0,0,0,0
glass410,0,1,0,0,0,0
glass455,0,1,0,0,0,0
glass101,0,1,0,0,0,0
glass157,0,1,0,0,0,0
glass184,0,1,0,0,0,0
glass242,0,1,0,0,0,0
glass59,0,1,0,0,0,0
glass166,0,1,0,0,0,0
glass285,0,1,0,0,0,0
glass198,0,1,0,0,0,0
glass178,0,1,0,0,0,0
glass233,0,1,0,0,0,0
glass413,0,1,0,0,0,0
glass140,0,1,0,0,0,0
glass53,0,1,0,0,0,0
glass380,0,1,0,0,0,0
glass295,0,1,0,0,0,0
glass346,0,1,0,0,0,0
glass404,0,1,0,0,0,0
glass139,0,1,0,0,0,0
glass251,0,1,0,0,0,0
glass492,0,1,0,0,0,0
glass420,0,1,0,0,0,0
glass264,0,1,0,0,0,0
glass462,0,1,0,0,0,0
glass370,0,1,0,0,0,0
glass372,0,1,0,0,0,0
glass247,0,1,0,0,0,0
glass450,0,1,0,0,0,0
glass61,0,1,0,0,0,0
glass60,0,1,0,0,0,0
glass113,0,1,0,0,0,0
glass1,0,1,0,0,0,0
glass322,0,1,0,0,0,0
glass128,0,1,0,0,0,0
glass226,0,1,0,0,0,0
glass441,0,1,0,0,0,0
glass325,0,1,0,0,0,0
glass493,0,1,0,0,0,0
glass173,0,1,0,0,0,0
glass42,0,1,0,0,0,0
glass501,0,1,0,0,0,0
glass185,0,1,0,0,0,0
glass438,0,1,0,0,0,0
glass195,0,1,0,0,0,0
glass254,0,1,0,0,0,0
glass431,0,1,0,0,0,0
glass379,0,1,0,0,0,0
glass77,0,1,0,0,0,0
glass302,0,1,0,0,0,0
glass148,0,1,0,0,0,0
glass125,0,1,0,0,0,0
glass235,0,1,0,0,0,0
glass465,0,1,0,0,0,0
glass440,0,1,0,0,0,0
glass161,0,1,0,0,0,0
glass230,0,1,0,0,0,0
glass23,0,1,0,0,0,0
glass99,0,1,0,0,0,0
glass108,0,1,0,0,0,0
glass453,0,1,0,0,0,0
glass118,0,1,0,0,0,0
glass427,0,1,0,0,0,0
glass489,0,1,0,0,0,0
glass92,0,1,0,0,0,0
glass174,0,1,0,0,0,0
glass316,0,1,0,0,0,0
glass64,0,1,0,0,0,0
glass199,0,1,0,0,0,0
glass495,0,1,0,0,0,0
glass344,0,1,0,0,0,0
glass18,0,1,0,0,0,0
glass212,0,1,0,0,0,0
glass55,0,1,0,0,0,0
glass381,0,1,0,0,0,0
glass270,0,1,0,0,0,0
glass248,0,1,0,0,0,0
glass73,0,1,0,0,0,0
glass359,0,1,0,0,0,0
glass15,0,1,0,0,0,0
glass110,0,1,0,0,0,0
glass276,0,1,0,0,0,0
glass142,0,1,0,0,0,0
glass466,0,1,0,0,0,0
glass345,0,1,0,0,0,0
glass468,0,1,0,0,0,0
glass343,0,1,0,0,0,0
glass428,0,1,0,0,0,0
glass100,0,1,0,0,0,0
glass43,0,1,0,0,0,0
glass291,0,1,0,0,0,0
glass409,0,1,0,0,0,0
glass150,0,1,0,0,0,0
glass315,0,1,0,0,0,0
glass170,0,1,0,0,0,0
glass403,0,1,0,0,0,0
glass80,0,1,0,0,0,0
glass29,0,1,0,0,0,0
glass244,0,1,0,0,0,0
glass76,0,1,0,0,0,0
glass289,0,1,0,0,0,0
glass424,0,1,0,0,0,0
glass384,0,1,0,0,0,0
glass432,0,1,0,0,0,0
glass138,0,1,0,0,0,0
glass83,0,1,0,0,0,0
glass422,0,1,0,0,0,0
glass117,0,1,0,0,0,0
glass216,0,1,0,0,0,0
glass169,0,1,0,0,0,0
glass320,0,1,0,0,0,0
glass165,0,1,0,0,0,0
glass135,0,1,0,0,0,0
glass206,0,1,0,0,0,0
glass82,0,1,0,0,0,0
glass454,0,1,0,0,0,0
glass262,0,1,0,0,0,0
glass368,0,1,0,0,0,0
glass3,0,1,0,0,0,0
glass476,0,1,0,0,0,0
glass300,0,1,0,0,0,0
glass67,0,1,0,0,0,0
glass22,0,1,0,0,0,0
glass14,0,1,0,0,0,0
glass456,0,1,0,0,0,0
glass50,0,1,0,0,0,0
glass218,0,1,0,0,0,0
glass324,0,1,0,0,0,0
glass238,0,1,0,0,0,0
glass94,0,1,0,0,0,0
glass367,0,1,0,0,0,0
glass105,0,1,0,0,0,0
glass470,0,1,0,0,0,0
glass430,0,1,0,0,0,0
glass488,0,1,0,0,0,0
glass102,0,1,0,0,0,0
glass458,0,1,0,0,0,0
glass337,0,1,0,0,0,0
glass88,0,1,0,0,0,0
glass498,0,1,0,0,0,0
glass405,0,1,0,0,0,0
glass305,0,1,0,0,0,0
glass12,0,1,0,0,0,0
glass144,0,1,0,0,0,0
glass400,0,1,0,0,0,0
glass298,0,1,0,0,0,0
glass336,0,1,0,0,0,0
glass388,0,1,0,0,0,0
glass149,0,1,0,0,0,0
glass477,0,1,0,0,0,0
glass363,0,1,0,0,0,0
glass261,0,1,0,0,0,0
glass328,0,1,0,0,0,0
glass385,0,1,0,0,0,0
glass375,0,1,0,0,0,0
glass119,0,1,0,0,0,0
glass237,0,1,0,0,0,0
glass16,0,1,0,0,0,0
glass256,0,1,0,0,0,0
glass194,0,1,0,0,0,0
glass35,0,1,0,0,0,0
glass134,0,1,0,0,0,0
glass361,0,1,0,0,0,0
glass312,0,1,0,0,0,0
glass459,0,1,0,0,0,0
glass200,0,1,0,0,0,0
glass444,0,1,0,0,0,0
glass487,0,1,0,0,0,0
glass123,0,1,0,0,0,0
glass279,0,1,0,0,0,0
glass239,0,1,0,0,0,0
glass449,0,1,0,0,0,0
glass268,0,1,0,0,0,0
glass78,0,1,0,0,0,0
glass317,0,1,0,0,0,0
glass369,0,1,0,0,0,0
glass273,0,1,0,0,0,0
glass193,0,1,0,0,0,0
glass86,0,1,0,0,0,0
glass451,0,1,0,0,0,0
glass143,0,1,0,0,0,0
glass435,0,1,0,0,0,0
glass107,0,1,0,0,0,0
glass219,0,1,0,0,0,0
glass124,0,1,0,0,0,0
glass17,0,1,0,0,0,0
glass287,0,1,0,0,0,0
glass111,0,1,0,0,0,0
glass217,0,1,0,0,0,0
glass39,0,1,0,0,0,0
glass326,0,1,0,0,0,0
glass30,0,1,0,0,0,0
glass224,0,1,0,0,0,0
glass341,0,1,0,0,0,0
glass151,0,1,0,0,0,0
glass45,0,1,0,0,0,0
glass89,0,1,0,0,0,0
glass460,0,1,0,0,0,0
glass392,0,1,0,0,0,0
glass177,0,1,0,0,0,0
glass355,0,1,0,0,0,0
glass354,0,1,0,0,0,0
glass314,0,1,0,0,0,0
glass286,0,1,0,0,0,0
glass461,0,1,0,0,0,0
glass491,0,1,0,0,0,0
glass190,0,1,0,0,0,0
glass407,0,1,0,0,0,0
glass191,0,1,0,0,0,0
glass183,0,1,0,0,0,0
glass416,0,1,0,0,0,0
glass208,0,1,0,0,0,0
glass52,0,1,0,0,0,0
glass321,0,1,0,0,0,0
glass494,0,1,0,0,0,0
glass213,0,1,0,0,0,0
glass96,0,1,0,0,0,0
glass51,0,1,0,0,0,0
glass6,0,1,0,0,0,0
glass485,0,1,0,0,0,0
glass467,0,1,0,0,0,0
glass408,0,1,0,0,0,0
glass120,0,1,0,0,0,0
glass339,0,1,0,0,0,0
glass296,0,1,0,0,0,0
glass415,0,1,0,0,0,0
glass412,0,1,0,0,0,0
glass311,0,1,0,0,0,0
glass280,0,1,0,0,0,0
glass352,0,1,0,0,0,0
glass41,0,1,0,0,0,0
glass357,0,1,0,0,0,0
glass327,0,1,0,0,0,0
glass196,0,1,0,0,0,0
glass236,0,1,0,0,0,0
glass164,0,1,0,0,0,0
glass414,0,1,0,0,0,0
glass57,0,1,0,0,0,0
glass241,0,1,0,0,0,0
glass36,0,1,0,0,0,0
glass98,0,1,0,0,0,0
glass275,0,1,0,0,0,0
glass335,0,1,0,0,0,0
glass231,0,1,0,0,0,0
glass38,0,1,0,0,0,0
glass246,0,1,0,0,0,0
glass418,0,1,0,0,0,0
glass79,0,1,0,0,0,0
glass147,0,1,0,0,0,0
glass129,0,1,0,0,0,0
glass306,0,1,0,0,0,0
glass483,0,1,0,0,0,0
glass141,0,1,0,0,0,0
glass152,0,1,0,0,0,0
glass214,0,1,0,0,0,0
glass469,0,1,0,0,0,0
glass188,0,1,0,0,0,0
glass272,0,1,0,0,0,0
glass347,0,1,0,0,0,0
glass303,0,1,0,0,0,0
glass496,0,1,0,0,0,0
glass330,0,1,0,0,0,0
glass426,0,1,0,0,0,0
glass155,0,1,0,0,0,0
glass26,0,1,0,0,0,0
glass136,0,1,0,0,0,0
glass446,0,1,0,0,0,0
glass310,0,1,0,0,0,0
glass378,0,1,0,0,0,0
glass75,0,1,0,0,0,0
glass442,0,1,0,0,0,0
glass319,0,1,0,0,0,0
glass274,0,1,0,0,0,0
glass386,0,1,0,0,0,0
glass457,0,1,0,0,0,0
glass146,0,1,0,0,0,0
glass63,0,1,0,0,0,0
glass297,0,1,0,0,0,0
glass255,0,1,0,0,0,0
glass351,0,1,0,0,0,0
glass463,0,1,0,0,0,0
